uitdaging_deelnemer_id,uitdaging_id,medewerker_id,toegetreden_op,huidige_voortgang,voortgang_pct,voltooid,rang
1,1,124,2026-03-30,7.1,89.1,0,61
2,1,53,2026-04-02,9.5,118.5,1,12
3,1,167,2026-03-28,9.3,116.2,1,16
4,1,152,2026-04-08,7.1,88.6,0,62
5,1,208,2026-04-13,8.1,101.5,1,40
6,1,145,2026-04-18,7.5,94.0,0,52
7,1,80,2026-04-04,9.0,112.9,1,20
8,1,12,2026-03-30,9.3,115.7,1,18
9,1,105,2026-04-08,4.5,56.3,0,89
10,1,112,2026-04-18,7.3,91.3,0,55
11,1,144,2026-04-25,2.2,27.2,0,100
12,1,214,2026-04-19,9.0,112.9,1,21
13,1,210,2026-04-01,9.0,112.7,1,22
14,1,90,2026-04-10,4.5,56.7,0,88
15,1,85,2026-04-01,9.8,122.3,1,6
16,1,76,2026-03-29,9.3,116.5,1,15
17,1,182,2026-04-06,3.4,42.4,0,95
18,1,183,2026-03-31,5.2,65.6,0,81
19,1,24,2026-04-24,5.5,69.3,0,77
20,1,132,2026-04-13,6.0,75.5,0,74
21,1,27,2026-04-07,9.0,112.7,1,23
22,1,196,2026-03-29,2.8,35.1,0,98
23,1,25,2026-04-17,5.1,64.1,0,82
24,1,23,2026-04-02,7.5,94.2,0,51
25,1,139,2026-04-03,3.4,42.2,0,96
26,1,45,2026-04-01,7.3,90.9,0,56
27,1,18,2026-04-02,8.6,107.4,1,31
28,1,26,2026-04-23,1.8,22.1,0,104
29,1,54,2026-04-20,7.2,89.4,0,60
30,1,28,2026-04-25,8.7,109.3,1,27
31,1,186,2026-04-20,9.7,121.3,1,8
32,1,125,2026-04-16,4.9,61.6,0,84
33,1,89,2026-04-02,9.5,118.7,1,11
34,1,131,2026-04-22,4.6,56.9,0,87
35,1,108,2026-04-09,8.4,105.1,1,36
36,1,172,2026-04-03,4.0,50.3,0,93
37,1,111,2026-04-04,9.2,115.6,1,19
38,1,93,2026-04-08,9.3,116.2,1,17
39,1,110,2026-03-28,7.7,95.7,0,49
40,1,101,2026-04-05,8.9,111.4,1,24
41,1,129,2026-04-05,7.7,96.6,0,48
42,1,67,2026-04-20,1.6,19.4,0,105
43,1,199,2026-04-19,6.5,81.1,0,71
44,1,104,2026-04-07,1.5,18.8,0,106
45,1,62,2026-04-17,10.0,125.3,1,4
46,1,11,2026-04-08,8.4,105.2,1,35
47,1,113,2026-04-09,8.4,104.9,1,37
48,1,35,2026-04-16,8.5,106.3,1,32
49,1,154,2026-03-31,6.9,86.0,0,64
50,1,60,2026-04-23,2.3,28.7,0,99
51,1,44,2026-03-29,6.8,85.6,0,67
52,1,81,2026-03-31,6.8,85.1,0,68
53,1,116,2026-03-31,9.4,117.6,1,14
54,1,21,2026-04-12,4.7,59.3,0,86
55,1,52,2026-04-05,7.4,93.1,0,53
56,1,9,2026-04-18,8.6,108.0,1,29
57,1,151,2026-04-10,4.8,59.5,0,85
58,1,102,2026-03-31,5.3,66.6,0,80
59,1,201,2026-04-05,7.8,96.9,0,46
60,1,161,2026-04-03,6.4,80.1,0,72
61,1,65,2026-04-06,5.8,73.0,0,75
62,1,100,2026-04-24,9.6,119.9,1,9
63,1,164,2026-04-04,8.0,99.7,0,43
64,1,118,2026-04-21,9.5,118.3,1,13
65,1,213,2026-04-03,8.7,108.4,1,28
66,1,142,2026-04-10,7.8,97.7,0,44
67,1,165,2026-04-25,2.1,25.9,0,102
68,1,68,2026-04-22,7.2,89.7,0,59
69,1,206,2026-04-06,7.2,90.0,0,58
70,1,218,2026-04-06,7.3,91.4,0,54
71,1,117,2026-04-21,9.8,122.3,1,7
72,1,168,2026-04-04,10.1,125.7,1,3
73,1,33,2026-04-21,6.9,86.8,0,63
74,1,177,2026-03-28,7.6,94.5,0,50
75,1,34,2026-03-28,8.5,106.3,1,33
76,1,178,2026-04-19,1.8,22.4,0,103
77,1,43,2026-04-04,8.3,104.3,1,38
78,1,207,2026-03-28,4.4,54.8,0,91
79,1,50,2026-04-10,1.3,16.8,0,107
80,1,4,2026-04-06,8.9,111.2,1,25
81,1,37,2026-04-02,10.3,128.7,1,1
82,1,31,2026-04-24,6.2,77.0,0,73
83,1,148,2026-04-03,7.3,90.9,0,57
84,1,176,2026-04-15,4.0,50.0,0,94
85,1,84,2026-04-18,5.4,67.7,0,79
86,1,127,2026-04-20,7.8,97.2,0,45
87,1,158,2026-04-06,8.2,102.6,1,39
88,1,205,2026-03-30,6.9,85.7,0,66
89,1,170,2026-04-10,8.6,107.8,1,30
90,1,138,2026-04-03,3.2,39.6,0,97
91,1,150,2026-04-09,5.8,72.7,0,76
92,1,198,2026-03-29,4.3,53.8,0,92
93,1,197,2026-04-23,6.9,85.9,0,65
94,1,175,2026-04-07,6.6,82.3,0,69
95,1,107,2026-04-17,2.1,26.5,0,101
96,1,184,2026-04-05,6.5,81.4,0,70
97,1,156,2026-04-02,8.1,101.3,1,41
98,1,16,2026-04-02,9.6,119.6,1,10
99,1,202,2026-04-25,8.0,100.2,1,42
100,1,133,2026-04-16,8.4,105.4,1,34
101,1,121,2026-04-06,5.4,67.9,0,78
102,1,78,2026-04-10,7.7,96.8,0,47
103,1,123,2026-04-17,8.8,110.1,1,26
104,1,42,2026-04-05,9.9,124.2,1,5
105,1,41,2026-03-28,5.0,63.1,0,83
106,1,209,2026-04-06,10.1,126.7,1,2
107,1,191,2026-04-12,4.5,55.7,0,90
108,2,12,2026-02-22,12.4,124.0,1,6
109,2,172,2026-03-16,6.5,64.7,0,78
110,2,217,2026-02-24,12.2,121.8,1,9
111,2,73,2026-03-14,7.4,73.9,0,71
112,2,11,2026-03-02,11.8,118.0,1,13
113,2,120,2026-02-12,11.5,115.1,1,18
114,2,102,2026-02-09,8.3,83.0,0,63
115,2,42,2026-02-12,11.0,109.8,1,27
116,2,28,2026-02-26,11.2,111.8,1,21
117,2,74,2026-02-15,7.8,77.8,0,67
118,2,33,2026-03-02,8.8,87.7,0,56
119,2,197,2026-02-12,8.1,80.9,0,65
120,2,174,2026-03-13,11.3,113.2,1,19
121,2,112,2026-03-16,7.5,74.5,0,70
122,2,72,2026-03-09,6.7,66.5,0,77
123,2,218,2026-03-09,12.9,128.8,1,2
124,2,25,2026-03-08,10.0,100.0,1,43
125,2,60,2026-02-03,3.9,39.2,0,93
126,2,203,2026-03-17,5.8,58.1,0,84
127,2,136,2026-03-09,5.7,57.1,0,85
128,2,146,2026-03-08,7.8,77.5,0,68
129,2,90,2026-03-07,4.1,41.5,0,92
130,2,207,2026-02-24,5.8,58.2,0,82
131,2,116,2026-03-12,10.1,100.9,1,41
132,2,152,2026-03-01,11.1,110.7,1,24
133,2,118,2026-02-04,12.1,120.8,1,10
134,2,165,2026-02-22,2.6,25.9,0,96
135,2,87,2026-02-27,2.5,25.3,0,97
136,2,21,2026-02-12,6.0,60.3,0,80
137,2,164,2026-02-21,9.5,95.5,0,50
138,2,204,2026-02-12,7.2,72.0,0,73
139,2,142,2026-02-25,12.3,123.0,1,7
140,2,76,2026-03-06,10.1,101.1,1,40
141,2,35,2026-02-23,10.4,104.5,1,35
142,2,3,2026-03-09,6.3,62.9,0,79
143,2,44,2026-03-06,11.1,110.9,1,23
144,2,109,2026-03-05,4.6,46.3,0,90
145,2,128,2026-02-15,10.0,99.6,0,46
146,2,55,2026-02-04,8.7,86.7,0,58
147,2,123,2026-03-07,10.0,99.8,0,45
148,2,37,2026-03-16,11.0,109.9,1,26
149,2,32,2026-02-07,10.6,106.0,1,33
150,2,20,2026-02-27,8.6,85.6,0,61
151,2,163,2026-03-06,10.4,104.0,1,36
152,2,201,2026-02-21,8.6,86.2,0,59
153,2,114,2026-03-16,5.0,50.2,0,88
154,2,101,2026-03-16,10.3,103.1,1,38
155,2,81,2026-03-15,12.5,125.1,1,5
156,2,161,2026-03-15,7.3,72.7,0,72
157,2,219,2026-02-17,11.1,111.2,1,22
158,2,104,2026-02-09,4.8,48.0,0,89
159,2,96,2026-03-01,6.9,68.5,0,75
160,2,194,2026-03-01,11.6,115.5,1,16
161,2,54,2026-02-19,10.1,100.9,1,42
162,2,9,2026-02-17,12.5,125.5,1,4
163,2,205,2026-02-03,5.5,55.4,0,86
164,2,124,2026-02-10,10.0,100.0,1,44
165,2,134,2026-02-07,11.6,116.1,1,14
166,2,150,2026-02-19,8.5,85.3,0,62
167,2,176,2026-02-21,3.7,37.1,0,94
168,2,213,2026-02-27,9.4,93.5,0,52
169,2,206,2026-02-26,8.6,86.0,0,60
170,2,23,2026-02-22,11.6,116.0,1,15
171,2,145,2026-02-27,6.0,60.2,0,81
172,2,162,2026-03-04,1.7,16.9,0,100
173,2,113,2026-03-03,8.7,86.9,0,57
174,2,181,2026-02-09,10.2,102.0,1,39
175,2,107,2026-03-07,2.0,19.6,0,99
176,2,24,2026-02-03,2.0,20.2,0,98
177,2,177,2026-02-26,9.6,96.4,0,48
178,2,105,2026-03-11,8.1,80.5,0,66
179,2,157,2026-03-02,11.0,110.0,1,25
180,2,171,2026-03-14,7.1,70.7,0,74
181,2,160,2026-03-10,8.1,81.3,0,64
182,2,178,2026-03-17,3.4,34.4,0,95
183,2,93,2026-02-13,12.2,122.4,1,8
184,2,173,2026-02-16,10.5,104.9,1,34
185,2,154,2026-03-14,12.7,127.2,1,3
186,2,184,2026-02-05,9.3,93.4,0,53
187,2,188,2026-02-10,4.3,43.1,0,91
188,2,167,2026-03-17,10.8,107.5,1,30
189,2,62,2026-02-05,9.6,96.2,0,49
190,2,190,2026-02-21,10.7,107.1,1,31
191,2,210,2026-03-16,10.7,106.9,1,32
192,2,92,2026-02-09,9.2,91.8,0,55
193,2,48,2026-03-15,5.5,55.4,0,87
194,2,16,2026-02-17,9.3,93.0,0,54
195,2,64,2026-02-28,5.8,58.2,0,83
196,2,69,2026-02-26,11.5,115.3,1,17
197,2,170,2026-02-27,12.9,129.1,1,1
198,2,151,2026-02-11,7.5,74.6,0,69
199,2,140,2026-02-06,10.8,108.3,1,28
200,2,67,2026-02-22,6.7,67.2,0,76
201,2,209,2026-02-23,11.2,112.5,1,20
202,2,77,2026-02-25,10.8,108.0,1,29
203,2,187,2026-03-05,9.9,99.5,0,47
204,2,214,2026-02-13,9.4,94.4,0,51
205,2,80,2026-02-04,11.8,118.4,1,12
206,2,29,2026-02-06,10.3,103.5,1,37
207,2,149,2026-02-18,12.0,120.4,1,11
208,3,196,2026-04-10,8.7,108.8,1,7
209,3,185,2026-04-26,6.3,78.7,0,35
210,3,68,2026-04-26,8.7,108.2,1,9
211,3,171,2026-04-13,2.4,29.7,0,82
212,3,200,2026-04-12,7.9,98.5,0,18
213,3,26,2026-04-10,6.5,81.7,0,34
214,3,25,2026-04-30,5.8,72.8,0,39
215,3,106,2026-05-04,7.6,94.4,0,24
216,3,138,2026-04-10,6.1,76.0,0,37
217,3,203,2026-04-26,8.2,102.5,1,15
218,3,51,2026-04-30,8.2,102.5,1,16
219,3,202,2026-04-18,4.0,50.2,0,63
220,3,150,2026-04-11,3.2,40.4,0,73
221,3,187,2026-04-19,3.9,48.3,0,64
222,3,108,2026-04-10,2.8,35.6,0,77
223,3,34,2026-04-10,2.5,31.8,0,80
224,3,89,2026-04-13,6.7,83.9,0,33
225,3,84,2026-04-23,2.6,33.0,0,78
226,3,95,2026-04-12,3.7,46.0,0,66
227,3,54,2026-05-04,7.3,90.9,0,29
228,3,97,2026-04-22,8.3,103.5,1,12
229,3,162,2026-04-20,5.0,63.0,0,51
230,3,172,2026-04-10,8.5,105.8,1,10
231,3,178,2026-05-04,2.4,29.8,0,81
232,3,3,2026-04-21,5.1,63.7,0,50
233,3,210,2026-04-27,4.1,51.3,0,61
234,3,52,2026-04-27,6.8,85.6,0,32
235,3,123,2026-05-03,8.8,109.8,1,6
236,3,76,2026-04-13,4.1,50.7,0,62
237,3,67,2026-04-27,3.9,48.3,0,65
238,3,45,2026-04-17,5.0,62.8,0,52
239,3,199,2026-04-14,5.5,68.6,0,43
240,3,157,2026-05-01,7.6,95.2,0,22
241,3,144,2026-05-03,9.0,112.6,1,4
242,3,11,2026-04-12,2.1,26.0,0,83
243,3,40,2026-04-11,9.4,117.8,1,1
244,3,46,2026-04-13,4.8,60.2,0,53
245,3,43,2026-04-16,7.5,93.5,0,26
246,3,42,2026-04-21,7.6,95.5,0,21
247,3,175,2026-04-27,5.3,66.1,0,47
248,3,133,2026-04-27,9.4,116.9,1,2
249,3,207,2026-04-22,2.9,36.2,0,76
250,3,151,2026-04-10,8.1,101.0,1,17
251,3,94,2026-04-21,5.5,68.5,0,44
252,3,104,2026-04-28,4.6,57.6,0,54
253,3,32,2026-04-11,5.7,70.7,0,41
254,3,61,2026-04-15,9.0,112.6,1,5
255,3,35,2026-04-13,8.4,104.8,1,11
256,3,201,2026-04-16,7.3,90.7,0,30
257,3,64,2026-04-27,7.4,92.2,0,27
258,3,197,2026-05-01,2.9,36.3,0,75
259,3,60,2026-04-15,5.3,66.3,0,46
260,3,81,2026-04-28,4.3,54.2,0,60
261,3,100,2026-04-11,3.6,45.0,0,68
262,3,129,2026-04-19,3.7,45.7,0,67
263,3,139,2026-04-15,7.9,98.5,0,19
264,3,36,2026-04-27,4.5,55.8,0,56
265,3,28,2026-04-15,5.9,73.3,0,38
266,3,181,2026-04-18,3.3,41.7,0,71
267,3,146,2026-05-03,7.6,95.1,0,23
268,3,53,2026-04-28,7.9,98.2,0,20
269,3,66,2026-04-15,5.1,64.2,0,49
270,3,119,2026-04-29,9.1,113.7,1,3
271,3,74,2026-04-25,8.2,102.9,1,14
272,3,23,2026-04-26,7.0,88.0,0,31
273,3,183,2026-05-02,2.6,32.0,0,79
274,3,50,2026-05-03,8.2,103.1,1,13
275,3,17,2026-05-04,5.6,70.3,0,42
276,3,62,2026-05-02,7.4,92.0,0,28
277,3,135,2026-04-16,4.4,55.1,0,59
278,3,190,2026-04-19,3.3,41.5,0,72
279,3,116,2026-04-27,5.5,68.3,0,45
280,3,12,2026-04-25,5.3,65.8,0,48
281,3,9,2026-04-13,3.4,41.9,0,70
282,3,174,2026-04-30,4.4,55.2,0,58
283,3,80,2026-04-15,5.7,71.4,0,40
284,3,134,2026-04-24,6.2,77.7,0,36
285,3,198,2026-04-10,7.5,93.9,0,25
286,3,6,2026-04-25,3.6,44.4,0,69
287,3,140,2026-04-18,4.4,55.3,0,57
288,3,107,2026-04-22,8.7,108.3,1,8
289,3,160,2026-05-01,4.5,56.0,0,55
290,3,189,2026-04-27,3.1,38.2,0,74
291,4,58,2026-01-10,2.6,32.5,0,70
292,4,55,2026-01-12,9.0,113.1,1,22
293,4,174,2026-01-30,8.7,109.2,1,26
294,4,9,2026-01-09,10.3,128.8,1,1
295,4,177,2025-12-23,7.3,90.8,0,41
296,4,14,2026-02-11,8.5,106.1,1,29
297,4,175,2026-02-21,6.8,85.2,0,48
298,4,106,2026-02-01,5.0,62.5,0,58
299,4,100,2026-01-27,8.6,107.7,1,28
300,4,80,2025-12-16,8.3,104.2,1,32
301,4,51,2026-02-14,8.6,107.9,1,27
302,4,103,2026-01-26,9.2,115.2,1,19
303,4,213,2026-02-05,7.7,95.9,0,38
304,4,217,2025-12-21,9.4,116.9,1,17
305,4,112,2026-02-05,4.1,51.4,0,62
306,4,90,2025-12-18,1.5,19.1,0,73
307,4,49,2026-01-24,3.4,42.0,0,67
308,4,91,2025-12-24,6.2,77.8,0,49
309,4,108,2026-02-25,9.6,120.3,1,15
310,4,45,2026-01-31,9.6,119.4,1,16
311,4,185,2026-01-16,3.7,46.4,0,65
312,4,10,2025-12-17,9.7,121.8,1,13
313,4,43,2026-02-08,7.3,91.7,0,40
314,4,165,2025-12-15,2.0,25.5,0,71
315,4,92,2025-12-17,10.2,127.3,1,4
316,4,86,2026-01-29,9.3,116.5,1,18
317,4,163,2025-12-05,10.0,124.8,1,8
318,4,63,2026-01-18,5.8,73.1,0,51
319,4,67,2025-12-27,5.6,69.6,0,53
320,4,183,2025-12-25,1.4,17.3,0,74
321,4,194,2026-01-11,7.3,90.8,0,42
322,4,94,2025-12-21,8.4,104.6,1,31
323,4,140,2026-01-12,7.1,88.7,0,45
324,4,111,2025-12-18,9.1,113.4,1,20
325,4,125,2026-01-15,3.1,38.9,0,68
326,4,93,2026-02-25,9.8,122.2,1,12
327,4,162,2025-12-13,4.6,57.3,0,60
328,4,41,2026-01-06,5.5,69.3,0,54
329,4,171,2025-12-28,5.5,68.8,0,56
330,4,37,2026-02-13,10.0,125.4,1,7
331,4,60,2026-01-29,3.4,42.6,0,66
332,4,219,2025-12-20,10.2,127.4,1,2
333,4,6,2026-01-13,10.2,127.4,1,3
334,4,84,2025-12-21,3.8,46.9,0,64
335,4,139,2025-12-14,3.0,37.2,0,69
336,4,127,2026-01-22,5.0,62.1,0,59
337,4,155,2026-01-09,8.1,101.6,1,35
338,4,81,2026-01-03,10.0,124.8,1,9
339,4,208,2026-02-07,8.8,110.1,1,25
340,4,53,2026-01-16,7.6,95.6,0,39
341,4,151,2026-01-21,5.3,66.8,0,57
342,4,210,2026-02-23,9.0,111.9,1,23
343,4,199,2026-01-07,5.5,68.9,0,55
344,4,189,2026-01-15,8.2,101.9,1,33
345,4,214,2025-12-26,10.2,126.9,1,6
346,4,4,2026-02-11,9.7,121.2,1,14
347,4,167,2026-01-17,7.8,97.0,0,37
348,4,134,2026-01-24,10.0,124.8,1,10
349,4,142,2026-02-13,7.8,97.6,0,36
350,4,97,2025-12-28,7.0,87.1,0,47
351,4,205,2026-01-06,4.0,50.2,0,63
352,4,191,2025-12-21,7.3,90.7,0,43
353,4,212,2026-01-10,1.7,21.6,0,72
354,4,27,2025-12-21,9.8,122.5,1,11
355,4,154,2026-01-01,8.8,110.4,1,24
356,4,107,2026-01-29,4.2,52.1,0,61
357,4,132,2025-12-22,5.7,71.1,0,52
358,4,113,2026-01-09,7.1,88.2,0,46
359,4,65,2026-02-23,5.9,73.3,0,50
360,4,148,2026-02-23,10.2,127.3,1,5
361,4,190,2026-01-03,8.1,101.8,1,34
362,4,16,2026-01-30,9.1,113.3,1,21
363,4,20,2025-12-17,7.1,89.3,0,44
364,4,69,2026-02-09,8.4,105.0,1,30
365,5,146,2026-04-16,1.4,24.1,0,60
366,5,134,2026-04-19,1.1,18.6,0,76
367,5,202,2026-04-15,1.9,32.2,0,46
368,5,108,2026-04-26,1.1,18.8,0,75
369,5,118,2026-04-26,1.4,24.0,0,62
370,5,185,2026-04-27,0.7,11.3,0,89
371,5,58,2026-04-15,1.4,24.1,0,61
372,5,132,2026-05-03,1.2,20.4,0,71
373,5,27,2026-04-20,1.1,18.4,0,77
374,5,75,2026-04-19,1.2,19.3,0,74
375,5,35,2026-05-01,2.5,42.4,0,15
376,5,93,2026-05-01,2.5,41.0,0,22
377,5,183,2026-05-01,1.0,17.1,0,80
378,5,117,2026-04-18,0.8,14.1,0,85
379,5,116,2026-04-22,1.4,23.4,0,66
380,5,16,2026-04-23,1.6,27.3,0,56
381,5,68,2026-04-26,1.4,23.8,0,64
382,5,24,2026-04-30,2.1,35.0,0,34
383,5,47,2026-04-22,2.8,47.4,0,1
384,5,65,2026-04-17,1.3,21.1,0,68
385,5,157,2026-04-16,1.1,18.4,0,78
386,5,129,2026-04-18,0.8,13.2,0,88
387,5,102,2026-04-20,2.1,34.2,0,38
388,5,86,2026-05-04,1.9,31.0,0,50
389,5,84,2026-04-15,1.2,20.5,0,70
390,5,207,2026-04-21,1.7,28.8,0,53
391,5,145,2026-04-16,2.3,38.9,0,26
392,5,186,2026-04-17,1.1,17.7,0,79
393,5,181,2026-04-17,2.5,41.8,0,18
394,5,198,2026-04-20,0.8,14.1,0,86
395,5,51,2026-05-04,1.7,27.9,0,54
396,5,168,2026-04-20,2.3,39.0,0,25
397,5,161,2026-04-22,2.2,36.7,0,33
398,5,178,2026-04-15,2.0,34.0,0,39
399,5,144,2026-04-27,2.8,46.1,0,6
400,5,204,2026-05-02,2.1,35.0,0,35
401,5,190,2026-04-20,2.0,33.5,0,41
402,5,4,2026-04-16,1.3,20.9,0,69
403,5,103,2026-04-26,2.7,45.4,0,9
404,5,97,2026-04-18,2.2,37.5,0,31
405,5,217,2026-04-17,1.6,26.3,0,57
406,5,156,2026-04-21,1.7,27.5,0,55
407,5,112,2026-04-24,2.5,41.3,0,21
408,5,34,2026-04-24,2.0,33.5,0,42
409,5,139,2026-04-24,1.0,17.1,0,81
410,5,42,2026-04-21,2.0,33.5,0,43
411,5,200,2026-04-30,1.5,25.8,0,58
412,5,194,2026-04-26,2.3,37.9,0,30
413,5,191,2026-04-18,2.7,44.4,0,12
414,5,140,2026-04-26,2.4,40.0,0,23
415,5,101,2026-04-29,1.9,31.7,0,49
416,5,66,2026-05-01,2.8,47.3,0,2
417,5,158,2026-05-02,0.9,14.4,0,84
418,5,188,2026-04-25,2.0,33.5,0,44
419,5,33,2026-04-18,1.3,21.4,0,67
420,5,155,2026-04-22,1.7,29.0,0,51
421,5,106,2026-05-02,2.0,33.9,0,40
422,5,46,2026-04-24,2.8,46.0,0,7
423,5,192,2026-04-30,2.7,45.4,0,10
424,5,138,2026-04-23,2.8,46.6,0,4
425,5,29,2026-05-02,0.9,15.6,0,82
426,5,60,2026-04-18,1.7,28.9,0,52
427,5,182,2026-04-25,1.9,32.4,0,45
428,5,208,2026-04-20,2.8,47.1,0,3
429,5,110,2026-04-16,2.3,38.1,0,28
430,5,175,2026-05-01,0.6,10.8,0,90
431,5,170,2026-04-25,2.5,42.2,0,16
432,5,31,2026-04-19,2.2,37.0,0,32
433,5,131,2026-04-27,1.2,20.1,0,72
434,5,176,2026-05-02,2.6,42.6,0,14
435,5,120,2026-04-15,2.3,38.2,0,27
436,5,52,2026-04-19,1.4,23.6,0,65
437,5,92,2026-04-29,1.2,19.9,0,73
438,5,41,2026-05-02,1.4,23.9,0,63
439,5,72,2026-05-03,2.5,42.2,0,17
440,5,85,2026-04-30,2.6,43.1,0,13
441,5,14,2026-04-15,1.9,32.2,0,47
442,5,45,2026-04-24,0.8,14.0,0,87
443,5,77,2026-05-02,2.8,46.5,0,5
444,5,63,2026-04-18,2.1,35.0,0,36
445,5,142,2026-04-22,2.7,45.2,0,11
446,5,89,2026-05-01,0.9,15.4,0,83
447,5,189,2026-04-20,1.9,32.1,0,48
448,5,203,2026-04-27,2.4,39.3,0,24
449,5,171,2026-04-21,1.5,25.4,0,59
450,5,11,2026-04-29,2.8,46.0,0,8
451,5,30,2026-04-29,2.5,41.4,0,19
452,5,49,2026-04-26,2.5,41.4,0,20
453,5,125,2026-05-04,2.1,34.6,0,37
454,5,109,2026-05-02,2.3,38.0,0,29
455,6,456,2026-03-07,625.5,125.1,1,5
456,6,543,2026-02-25,388.0,77.6,0,52
457,6,222,2026-03-05,461.5,92.3,0,36
458,6,581,2026-03-01,324.5,64.9,0,62
459,6,355,2026-02-21,537.0,107.4,1,25
460,6,445,2026-02-27,437.5,87.5,0,44
461,6,526,2026-03-04,461.5,92.3,0,37
462,6,490,2026-03-10,572.0,114.4,1,18
463,6,499,2026-03-12,594.0,118.8,1,15
464,6,306,2026-02-14,308.5,61.7,0,64
465,6,365,2026-02-16,543.0,108.6,1,23
466,6,513,2026-02-24,448.0,89.6,0,40
467,6,474,2026-02-23,338.5,67.7,0,58
468,6,488,2026-03-14,332.5,66.5,0,59
469,6,531,2026-03-04,596.5,119.3,1,14
470,6,271,2026-02-21,432.0,86.4,0,46
471,6,359,2026-02-16,465.5,93.1,0,35
472,6,491,2026-02-28,391.0,78.2,0,51
473,6,582,2026-02-26,495.0,99.0,0,30
474,6,260,2026-03-08,328.0,65.6,0,60
475,6,516,2026-02-25,558.5,111.7,1,21
476,6,240,2026-02-17,623.5,124.7,1,6
477,6,396,2026-02-22,566.5,113.3,1,19
478,6,227,2026-02-14,286.0,57.2,0,68
479,6,430,2026-03-06,506.5,101.3,1,27
480,6,370,2026-02-25,278.0,55.6,0,69
481,6,572,2026-03-05,493.0,98.6,0,31
482,6,286,2026-03-14,598.5,119.7,1,12
483,6,372,2026-02-18,345.5,69.1,0,57
484,6,335,2026-03-13,604.5,120.9,1,11
485,6,341,2026-03-11,431.5,86.3,0,47
486,6,300,2026-02-26,458.5,91.7,0,39
487,6,553,2026-02-22,578.0,115.6,1,17
488,6,267,2026-03-06,496.0,99.2,0,29
489,6,441,2026-02-22,271.5,54.3,0,70
490,6,438,2026-03-14,368.0,73.6,0,54
491,6,336,2026-02-17,364.0,72.8,0,55
492,6,509,2026-03-13,135.0,27.0,0,80
493,6,403,2026-03-04,288.0,57.6,0,67
494,6,559,2026-03-08,491.0,98.2,0,32
495,6,413,2026-02-19,562.0,112.4,1,20
496,6,575,2026-02-20,263.5,52.7,0,71
497,6,369,2026-03-09,249.5,49.9,0,74
498,6,367,2026-03-08,502.0,100.4,1,28
499,6,467,2026-03-06,646.5,129.3,1,1
500,6,237,2026-02-15,637.5,127.5,1,3
501,6,332,2026-02-25,160.0,32.0,0,79
502,6,566,2026-02-19,414.5,82.9,0,49
503,6,225,2026-03-07,434.5,86.9,0,45
504,6,578,2026-03-08,622.0,124.4,1,8
505,6,303,2026-03-05,446.0,89.2,0,41
506,6,525,2026-03-07,442.5,88.5,0,43
507,6,463,2026-02-24,257.5,51.5,0,73
508,6,598,2026-02-19,189.5,37.9,0,77
509,6,325,2026-02-17,316.0,63.2,0,63
510,6,376,2026-02-21,425.5,85.1,0,48
511,6,539,2026-03-13,598.0,119.6,1,13
512,6,573,2026-03-13,460.0,92.0,0,38
513,6,352,2026-03-06,196.5,39.3,0,76
514,6,385,2026-03-14,126.0,25.2,0,82
515,6,469,2026-03-09,297.0,59.4,0,66
516,6,295,2026-02-19,644.0,128.8,1,2
517,6,442,2026-03-12,325.0,65.0,0,61
518,6,588,2026-03-12,445.0,89.0,0,42
519,6,567,2026-02-25,308.5,61.7,0,65
520,6,533,2026-03-08,612.5,122.5,1,10
521,6,320,2026-02-18,259.5,51.9,0,72
522,6,542,2026-03-10,636.5,127.3,1,4
523,6,262,2026-02-18,117.0,23.4,0,83
524,6,298,2026-02-27,376.5,75.3,0,53
525,6,480,2026-03-10,533.0,106.6,1,26
526,6,556,2026-03-11,541.5,108.3,1,24
527,6,466,2026-03-11,623.5,124.7,1,7
528,6,590,2026-02-17,471.5,94.3,0,34
529,6,424,2026-03-10,128.0,25.6,0,81
530,6,473,2026-02-27,480.0,96.0,0,33
531,6,425,2026-03-10,558.5,111.7,1,22
532,6,395,2026-02-15,182.5,36.5,0,78
533,6,348,2026-03-05,361.5,72.3,0,56
534,6,312,2026-03-11,621.0,124.2,1,9
535,6,393,2026-03-03,235.5,47.1,0,75
536,6,261,2026-03-09,76.5,15.3,0,84
537,6,319,2026-02-19,402.5,80.5,0,50
538,6,493,2026-02-23,593.0,118.6,1,16
539,7,522,2025-12-27,1.8,43.9,0,132
540,7,282,2026-01-27,3.9,98.7,0,56
541,7,571,2026-01-19,4.5,113.2,1,23
542,7,468,2025-12-26,0.7,17.2,0,152
543,7,272,2025-12-25,3.4,85.8,0,89
544,7,485,2026-01-10,3.6,90.6,0,76
545,7,439,2026-01-21,4.2,105.6,1,40
546,7,435,2026-01-25,3.4,84.0,0,94
547,7,320,2026-01-07,2.5,63.2,0,108
548,7,559,2026-02-06,3.8,93.9,0,65
549,7,267,2026-01-13,4.2,105.2,1,42
550,7,480,2025-12-28,4.1,103.2,1,48
551,7,328,2025-12-31,4.2,104.3,1,46
552,7,496,2026-01-04,3.2,79.6,0,98
553,7,532,2026-02-09,1.0,24.3,0,149
554,7,544,2026-02-02,3.1,76.6,0,99
555,7,221,2026-01-18,3.7,93.2,0,67
556,7,241,2026-01-18,3.6,90.5,0,78
557,7,551,2025-12-30,5.1,127.1,1,2
558,7,283,2025-12-31,1.5,36.9,0,138
559,7,542,2026-01-17,4.7,117.3,1,18
560,7,562,2026-01-18,4.6,113.8,1,22
561,7,292,2026-02-13,4.5,112.5,1,27
562,7,361,2026-01-03,3.7,92.1,0,71
563,7,251,2025-12-27,4.4,109.2,1,36
564,7,379,2026-02-04,3.7,93.5,0,66
565,7,458,2026-01-14,4.4,110.8,1,32
566,7,236,2026-01-30,1.9,46.5,0,127
567,7,346,2026-02-11,4.5,113.0,1,25
568,7,530,2025-12-29,4.5,112.5,1,28
569,7,537,2026-01-25,1.2,31.0,0,144
570,7,578,2025-12-28,4.0,100.6,1,52
571,7,332,2026-01-19,1.2,29.0,0,146
572,7,284,2026-01-30,3.5,88.1,0,84
573,7,429,2026-01-17,2.5,62.8,0,110
574,7,581,2026-01-17,0.8,19.0,0,151
575,7,231,2026-02-17,2.6,65.9,0,107
576,7,229,2026-01-13,3.3,81.6,0,96
577,7,262,2026-01-02,1.5,36.4,0,140
578,7,463,2026-01-10,1.0,25.1,0,148
579,7,411,2026-01-30,5.1,126.3,1,3
580,7,341,2026-01-25,4.1,103.3,1,47
581,7,563,2026-02-16,3.4,86.1,0,88
582,7,493,2026-01-30,3.8,94.9,0,62
583,7,506,2026-01-02,4.3,108.4,1,38
584,7,558,2025-12-29,3.4,85.7,0,90
585,7,266,2026-01-13,4.2,105.4,1,41
586,7,509,2025-12-26,2.3,56.4,0,117
587,7,316,2026-01-17,5.0,125.2,1,8
588,7,257,2026-02-09,4.5,113.1,1,24
589,7,483,2026-02-16,3.9,98.5,0,57
590,7,249,2026-02-12,2.7,67.6,0,104
591,7,352,2025-12-30,1.4,35.9,0,141
592,7,243,2026-01-25,5.0,125.7,1,4
593,7,567,2026-02-07,0.9,23.0,0,150
594,7,390,2026-02-13,4.9,121.7,1,10
595,7,230,2026-01-09,4.1,103.2,1,49
596,7,538,2026-01-19,4.8,119.3,1,15
597,7,525,2026-01-28,4.9,121.3,1,12
598,7,391,2026-01-10,4.0,100.6,1,53
599,7,491,2026-02-10,2.4,60.4,0,113
600,7,499,2026-02-05,5.0,125.5,1,7
601,7,587,2026-02-05,4.4,110.0,1,34
602,7,228,2026-01-02,1.5,36.9,0,139
603,7,473,2026-02-16,3.5,87.0,0,85
604,7,541,2026-02-17,4.2,105.1,1,43
605,7,385,2026-01-27,1.9,48.3,0,126
606,7,442,2026-01-16,3.9,97.2,0,58
607,7,424,2026-02-15,2.0,48.9,0,125
608,7,353,2026-02-10,2.4,60.6,0,112
609,7,308,2026-02-14,3.5,88.2,0,82
610,7,312,2026-02-16,3.7,91.4,0,74
611,7,475,2026-02-10,4.1,102.9,1,50
612,7,330,2026-02-01,1.3,33.4,0,143
613,7,406,2026-02-04,1.7,43.1,0,134
614,7,438,2026-01-02,2.8,71.2,0,102
615,7,237,2026-02-15,3.7,92.6,0,70
616,7,315,2026-01-27,4.5,112.4,1,29
617,7,492,2025-12-31,1.6,39.4,0,136
618,7,495,2026-02-13,1.0,25.6,0,147
619,7,459,2026-01-25,3.4,85.4,0,91
620,7,396,2026-02-04,3.6,90.5,0,79
621,7,238,2026-02-13,4.7,116.4,1,19
622,7,556,2026-02-08,4.5,112.8,1,26
623,7,405,2026-01-13,2.7,68.7,0,103
624,7,403,2026-02-11,2.2,54.0,0,119
625,7,570,2026-01-28,5.0,125.6,1,5
626,7,598,2026-01-31,2.1,52.6,0,122
627,7,588,2026-01-15,3.9,96.7,0,59
628,7,457,2025-12-27,2.9,72.4,0,101
629,7,378,2026-01-25,5.0,125.6,1,6
630,7,363,2026-01-13,3.6,90.6,0,77
631,7,331,2026-01-23,1.8,44.4,0,128
632,7,224,2026-02-11,2.5,63.0,0,109
633,7,528,2026-01-22,3.8,94.3,0,64
634,7,307,2026-02-04,1.4,34.0,0,142
635,7,561,2026-01-01,3.7,91.5,0,73
636,7,387,2026-01-20,1.2,29.1,0,145
637,7,371,2025-12-27,4.6,115.9,1,20
638,7,355,2026-01-20,4.7,118.3,1,17
639,7,386,2026-01-08,2.1,53.2,0,120
640,7,395,2026-02-03,2.4,59.3,0,114
641,7,432,2026-01-21,3.7,92.9,0,68
642,7,399,2026-01-17,2.7,66.7,0,106
643,7,364,2026-02-11,3.9,96.4,0,60
644,7,582,2026-01-31,2.2,55.0,0,118
645,7,336,2026-01-23,2.0,50.9,0,123
646,7,348,2026-02-05,3.4,84.1,0,93
647,7,271,2026-01-10,3.3,82.1,0,95
648,7,400,2026-02-03,3.5,86.8,0,86
649,7,239,2026-01-31,3.7,91.4,0,75
650,7,296,2025-12-28,4.4,110.0,1,35
651,7,575,2026-01-07,2.3,57.1,0,116
652,7,334,2026-01-30,1.8,43.8,0,133
653,7,384,2026-02-03,4.4,110.1,1,33
654,7,579,2025-12-26,4.1,102.6,1,51
655,7,573,2025-12-31,2.4,61.2,0,111
656,7,595,2026-02-08,4.2,104.6,1,45
657,7,489,2026-02-02,4.2,105.1,1,44
658,7,255,2026-01-17,4.9,121.5,1,11
659,7,303,2026-02-04,3.6,89.9,0,80
660,7,505,2026-02-01,4.0,100.1,1,54
661,7,319,2026-01-17,3.7,91.9,0,72
662,7,564,2026-01-25,4.9,121.9,1,9
663,7,323,2026-01-19,2.1,53.1,0,121
664,7,248,2025-12-27,3.6,89.8,0,81
665,7,488,2026-01-03,1.8,44.1,0,130
666,7,455,2026-02-01,3.5,88.2,0,83
667,7,383,2026-02-06,3.8,94.5,0,63
668,7,434,2026-02-12,4.5,112.0,1,30
669,7,494,2026-02-12,4.5,111.5,1,31
670,7,583,2026-01-02,3.4,84.8,0,92
671,7,394,2026-02-06,1.8,44.4,0,129
672,7,270,2026-02-04,1.7,42.5,0,135
673,7,397,2026-01-11,4.6,114.3,1,21
674,7,430,2026-01-27,3.9,96.3,0,61
675,7,533,2026-01-25,4.8,119.2,1,16
676,7,362,2026-02-11,5.1,128.0,1,1
677,7,520,2025-12-31,3.5,86.6,0,87
678,7,546,2026-01-31,1.8,44.1,0,131
679,7,540,2026-02-04,2.0,50.7,0,124
680,7,594,2026-01-11,3.0,73.8,0,100
681,7,240,2025-12-25,4.8,119.4,1,14
682,7,526,2026-02-15,2.3,57.9,0,115
683,7,252,2026-01-31,2.7,67.5,0,105
684,7,222,2026-02-14,4.4,108.9,1,37
685,7,422,2026-02-08,3.2,81.2,0,97
686,7,503,2026-02-15,4.8,119.9,1,13
687,7,342,2025-12-26,4.0,99.7,0,55
688,7,535,2026-01-24,1.6,39.1,0,137
689,7,577,2025-12-24,3.7,92.9,0,69
690,7,428,2026-01-30,4.2,106.2,1,39
691,8,231,2025-11-08,10.0,66.7,0,72
692,8,401,2025-11-20,14.6,97.4,0,39
693,8,249,2025-11-05,10.4,69.5,0,69
694,8,549,2025-11-13,15.3,102.3,1,26
695,8,449,2025-11-12,13.3,89.0,0,57
696,8,525,2025-11-05,14.6,97.4,0,40
697,8,290,2025-11-29,5.9,39.6,0,96
698,8,381,2025-11-13,15.0,100.1,1,31
699,8,530,2025-12-01,14.0,93.0,0,48
700,8,352,2025-11-06,9.9,66.2,0,73
701,8,387,2025-11-14,5.1,33.7,0,97
702,8,296,2025-11-14,17.8,118.9,1,11
703,8,590,2025-11-29,13.2,88.2,0,59
704,8,473,2025-11-30,14.2,94.4,0,46
705,8,297,2025-11-05,13.6,90.5,0,55
706,8,511,2025-11-29,18.2,121.1,1,6
707,8,235,2025-11-28,9.9,65.7,0,74
708,8,480,2025-11-16,14.1,94.1,0,47
709,8,528,2025-11-10,18.8,125.2,1,4
710,8,561,2025-11-05,14.8,98.5,0,36
711,8,587,2025-11-27,15.0,100.2,1,30
712,8,357,2025-11-08,10.4,69.2,0,70
713,8,445,2025-11-18,18.9,125.9,1,2
714,8,485,2025-11-10,14.5,96.6,0,43
715,8,283,2025-11-03,8.8,58.5,0,83
716,8,582,2025-11-28,12.7,84.8,0,65
717,8,236,2025-11-27,9.7,64.4,0,77
718,8,377,2025-11-21,14.7,97.9,0,38
719,8,442,2025-11-29,14.0,93.0,0,49
720,8,435,2025-11-24,12.8,85.5,0,63
721,8,355,2025-11-24,15.0,99.7,0,32
722,8,580,2025-11-07,9.4,62.5,0,78
723,8,304,2025-11-15,3.0,20.2,0,99
724,8,593,2025-11-20,6.9,46.3,0,93
725,8,262,2025-11-03,7.0,46.4,0,92
726,8,232,2025-11-09,16.7,111.0,1,20
727,8,342,2025-11-16,13.3,88.7,0,58
728,8,258,2025-11-20,15.6,104.1,1,25
729,8,361,2025-11-28,14.3,95.4,0,45
730,8,406,2025-11-11,6.3,42.1,0,95
731,8,403,2025-11-04,10.6,70.4,0,68
732,8,539,2025-11-24,14.9,99.4,0,34
733,8,384,2025-11-15,15.7,104.8,1,23
734,8,496,2025-11-30,13.2,87.7,0,61
735,8,487,2025-11-09,18.5,123.2,1,5
736,8,397,2025-11-11,14.5,97.0,0,42
737,8,474,2025-11-14,10.8,71.8,0,67
738,8,505,2025-11-23,18.1,120.5,1,7
739,8,242,2025-11-20,16.3,108.5,1,21
740,8,411,2025-11-17,15.3,101.7,1,28
741,8,597,2025-11-16,15.1,100.7,1,29
742,8,439,2025-11-10,12.8,85.1,0,64
743,8,334,2025-11-05,8.9,59.1,0,82
744,8,584,2025-11-18,9.8,65.4,0,76
745,8,479,2025-11-23,15.8,105.5,1,22
746,8,559,2025-11-07,17.9,119.6,1,9
747,8,490,2025-11-19,18.0,119.7,1,8
748,8,503,2025-11-30,15.3,101.8,1,27
749,8,394,2025-11-28,9.2,61.6,0,80
750,8,554,2025-11-25,15.6,104.3,1,24
751,8,438,2025-11-16,13.8,92.2,0,52
752,8,351,2025-11-18,7.7,51.5,0,89
753,8,368,2025-11-18,17.5,116.7,1,16
754,8,466,2025-11-05,17.0,113.3,1,18
755,8,303,2025-11-22,13.6,90.7,0,54
756,8,408,2025-11-09,14.6,97.4,0,41
757,8,335,2025-11-11,17.9,119.4,1,10
758,8,563,2025-11-30,12.5,83.4,0,66
759,8,370,2025-11-25,13.4,89.2,0,56
760,8,483,2025-11-18,13.8,92.0,0,53
761,8,533,2025-11-19,17.1,114.0,1,17
762,8,422,2025-11-30,13.9,92.5,0,51
763,8,493,2025-11-17,14.8,98.8,0,35
764,8,430,2025-11-11,16.7,111.6,1,19
765,8,416,2025-11-07,14.8,98.4,0,37
766,8,594,2025-11-05,9.4,62.4,0,79
767,8,405,2025-11-11,4.0,26.6,0,98
768,8,499,2025-11-21,13.0,86.5,0,62
769,8,261,2025-11-23,7.3,49.0,0,91
770,8,489,2025-11-22,14.4,96.0,0,44
771,8,222,2025-11-14,15.0,99.7,0,33
772,8,548,2025-11-14,13.9,92.7,0,50
773,8,319,2025-11-25,7.8,51.9,0,88
774,8,380,2025-11-24,8.7,57.8,0,84
775,8,247,2025-11-17,8.6,57.1,0,85
776,8,506,2025-11-21,17.6,117.2,1,15
777,8,386,2025-11-26,8.2,54.8,0,86
778,8,292,2025-11-06,18.8,125.3,1,3
779,8,275,2025-11-18,17.7,117.9,1,13
780,8,463,2025-11-30,7.8,52.3,0,87
781,8,257,2025-11-03,17.6,117.5,1,14
782,8,519,2025-11-29,19.2,128.2,1,1
783,8,469,2025-11-05,13.2,87.9,0,60
784,8,288,2025-11-16,7.7,51.2,0,90
785,8,289,2025-11-04,9.1,60.4,0,81
786,8,458,2025-11-26,17.8,118.6,1,12
787,8,481,2025-12-01,10.1,67.2,0,71
788,8,399,2025-11-29,9.8,65.6,0,75
789,8,323,2025-11-15,6.7,44.6,0,94
790,9,282,2026-02-18,16.4,109.2,1,29
791,9,492,2026-02-05,8.5,56.6,0,81
792,9,352,2026-02-17,6.1,40.5,0,90
793,9,379,2026-02-23,15.9,105.8,1,32
794,9,236,2026-03-04,6.1,40.5,0,91
795,9,305,2026-02-12,5.7,37.9,0,95
796,9,364,2026-02-23,15.4,102.9,1,35
797,9,549,2026-02-15,18.0,120.3,1,16
798,9,424,2026-02-04,5.0,33.1,0,96
799,9,237,2026-02-22,19.0,126.6,1,7
800,9,353,2026-02-20,4.8,32.0,0,97
801,9,490,2026-02-08,13.7,91.0,0,52
802,9,449,2026-02-15,9.4,62.9,0,73
803,9,499,2026-02-04,15.3,101.9,1,36
804,9,431,2026-03-03,18.2,121.1,1,15
805,9,469,2026-02-19,11.8,78.5,0,66
806,9,544,2026-02-20,13.2,87.7,0,56
807,9,511,2026-02-11,18.9,126.3,1,8
808,9,583,2026-02-07,7.5,50.1,0,85
809,9,461,2026-03-02,14.5,97.0,0,45
810,9,231,2026-02-04,13.1,87.3,0,57
811,9,496,2026-02-12,9.4,62.5,0,74
812,9,432,2026-02-04,13.7,91.0,0,53
813,9,498,2026-03-02,3.8,25.0,0,101
814,9,480,2026-02-22,18.2,121.4,1,13
815,9,508,2026-02-05,7.7,51.5,0,84
816,9,402,2026-02-18,8.6,57.1,0,80
817,9,441,2026-02-13,9.7,64.8,0,71
818,9,422,2026-02-17,8.9,59.5,0,77
819,9,501,2026-02-15,15.0,100.0,1,40
820,9,381,2026-02-27,12.9,85.8,0,60
821,9,543,2026-02-14,9.1,60.6,0,76
822,9,556,2026-02-21,15.1,100.5,1,39
823,9,331,2026-02-23,8.7,57.7,0,79
824,9,351,2026-02-17,12.3,82.2,0,63
825,9,416,2026-02-23,16.9,113.0,1,24
826,9,222,2026-02-20,19.5,129.9,1,1
827,9,286,2026-02-18,19.1,127.6,1,4
828,9,580,2026-02-04,14.5,96.9,0,46
829,9,433,2026-02-28,19.4,129.5,1,2
830,9,314,2026-02-04,19.4,129.1,1,3
831,9,374,2026-03-04,12.8,85.6,0,61
832,9,357,2026-02-24,8.8,58.4,0,78
833,9,264,2026-02-08,16.7,111.6,1,27
834,9,385,2026-02-07,6.6,44.3,0,87
835,9,249,2026-02-14,9.2,61.2,0,75
836,9,383,2026-02-12,15.5,103.3,1,34
837,9,567,2026-02-27,4.6,30.4,0,98
838,9,380,2026-02-07,14.9,99.4,0,41
839,9,300,2026-02-09,16.8,111.9,1,26
840,9,330,2026-02-13,5.9,39.0,0,92
841,9,334,2026-03-03,8.1,53.8,0,82
842,9,295,2026-02-28,14.9,99.4,0,42
843,9,463,2026-02-19,5.8,38.4,0,94
844,9,361,2026-02-21,13.9,92.4,0,51
845,9,403,2026-02-26,12.3,81.9,0,64
846,9,390,2026-02-07,16.8,112.0,1,25
847,9,257,2026-03-02,13.4,89.3,0,54
848,9,372,2026-02-18,6.4,42.7,0,89
849,9,586,2026-03-02,17.1,113.9,1,20
850,9,468,2026-02-21,2.5,16.7,0,103
851,9,541,2026-02-05,17.2,114.9,1,19
852,9,495,2026-02-26,7.4,49.4,0,86
853,9,337,2026-03-04,15.2,101.1,1,38
854,9,566,2026-02-23,11.0,73.4,0,69
855,9,442,2026-02-23,14.9,99.4,0,43
856,9,280,2026-02-12,10.6,70.9,0,70
857,9,233,2026-02-06,13.0,86.8,0,58
858,9,303,2026-02-07,15.9,105.9,1,31
859,9,452,2026-02-15,17.0,113.3,1,23
860,9,533,2026-02-25,14.0,93.1,0,49
861,9,479,2026-02-06,18.5,123.5,1,11
862,9,365,2026-02-24,14.9,99.2,0,44
863,9,459,2026-02-16,13.0,86.5,0,59
864,9,595,2026-02-08,13.3,88.6,0,55
865,9,391,2026-02-17,17.0,113.6,1,22
866,9,279,2026-02-26,14.4,96.0,0,47
867,9,466,2026-02-04,17.8,118.9,1,18
868,9,429,2026-02-05,7.9,52.8,0,83
869,9,341,2026-03-02,17.1,113.9,1,21
870,9,428,2026-02-18,18.3,121.9,1,12
871,9,319,2026-02-21,11.2,74.8,0,67
872,9,445,2026-02-25,13.9,92.8,0,50
873,9,247,2026-02-25,4.1,27.3,0,99
874,9,315,2026-02-20,18.9,126.3,1,9
875,9,519,2026-02-11,15.2,101.6,1,37
876,9,336,2026-02-21,11.2,74.5,0,68
877,9,363,2026-03-02,15.6,104.2,1,33
878,9,532,2026-02-21,3.8,25.2,0,100
879,9,399,2026-02-06,2.8,18.7,0,102
880,9,297,2026-03-04,18.9,125.9,1,10
881,9,443,2026-02-26,19.0,126.7,1,5
882,9,487,2026-03-04,18.2,121.3,1,14
883,9,241,2026-02-20,16.2,108.1,1,30
884,9,506,2026-02-04,16.5,110.3,1,28
885,9,503,2026-02-22,14.3,95.6,0,48
886,9,243,2026-02-13,19.0,126.7,1,6
887,9,585,2026-02-12,6.5,43.5,0,88
888,9,563,2026-02-07,11.9,79.6,0,65
889,9,573,2026-02-21,9.7,64.7,0,72
890,9,578,2026-02-13,18.0,120.0,1,17
891,9,450,2026-03-04,12.8,85.6,0,62
892,9,369,2026-02-21,5.8,38.5,0,93
893,10,878,2026-03-29,7.7,95.8,0,63
894,10,827,2026-03-03,10.4,129.8,1,1
895,10,803,2026-03-30,2.6,31.9,0,121
896,10,690,2026-04-01,6.8,85.1,0,87
897,10,711,2026-03-27,2.3,29.1,0,124
898,10,717,2026-04-04,6.9,85.9,0,84
899,10,876,2026-03-13,7.0,87.6,0,81
900,10,687,2026-03-17,6.1,76.4,0,95
901,10,689,2026-02-27,6.8,85.0,0,89
902,10,795,2026-03-03,5.6,69.7,0,98
903,10,832,2026-03-10,10.2,127.0,1,7
904,10,899,2026-04-03,5.9,73.6,0,97
905,10,760,2026-03-16,8.2,102.3,1,51
906,10,783,2026-04-03,8.4,104.9,1,44
907,10,699,2026-03-21,10.2,128.1,1,4
908,10,718,2026-03-06,10.0,124.7,1,12
909,10,648,2026-03-26,7.9,99.3,0,57
910,10,801,2026-03-18,9.8,122.5,1,15
911,10,720,2026-02-26,2.2,27.6,0,125
912,10,673,2026-03-08,8.2,102.5,1,50
913,10,630,2026-03-22,5.5,68.6,0,99
914,10,746,2026-03-26,7.6,94.5,0,69
915,10,839,2026-03-11,8.4,105.1,1,42
916,10,867,2026-03-19,7.9,98.8,0,59
917,10,769,2026-03-24,8.5,105.7,1,40
918,10,861,2026-04-02,8.9,111.3,1,30
919,10,715,2026-03-02,9.4,118.0,1,23
920,10,913,2026-03-21,7.0,87.8,0,79
921,10,868,2026-03-04,6.6,82.1,0,91
922,10,640,2026-03-06,7.9,98.9,0,58
923,10,682,2026-04-07,3.2,39.7,0,116
924,10,881,2026-03-18,4.0,50.4,0,110
925,10,683,2026-03-11,9.7,121.3,1,17
926,10,621,2026-03-23,8.8,109.7,1,33
927,10,605,2026-03-15,8.7,109.2,1,34
928,10,710,2026-03-29,2.4,30.0,0,122
929,10,670,2026-03-21,7.4,92.4,0,72
930,10,898,2026-03-07,2.9,36.7,0,117
931,10,678,2026-03-31,8.2,103.1,1,48
932,10,662,2026-03-13,7.6,95.2,0,66
933,10,771,2026-03-14,10.3,128.2,1,3
934,10,829,2026-03-17,9.6,119.6,1,20
935,10,676,2026-02-26,7.1,88.7,0,77
936,10,897,2026-03-06,7.6,94.4,0,71
937,10,681,2026-03-13,8.6,106.9,1,37
938,10,841,2026-04-01,9.5,118.2,1,22
939,10,637,2026-04-02,8.4,104.7,1,45
940,10,701,2026-02-24,9.7,120.7,1,18
941,10,731,2026-03-13,8.9,111.3,1,31
942,10,914,2026-03-01,10.0,125.2,1,11
943,10,601,2026-02-25,4.1,51.7,0,109
944,10,791,2026-03-03,2.0,24.7,0,129
945,10,787,2026-03-27,6.1,75.8,0,96
946,10,852,2026-03-03,8.6,106.9,1,38
947,10,700,2026-03-31,8.7,108.7,1,35
948,10,813,2026-03-04,7.7,95.7,0,64
949,10,890,2026-02-24,3.7,45.8,0,113
950,10,610,2026-02-27,9.6,120.5,1,19
951,10,624,2026-03-31,7.9,98.7,0,60
952,10,824,2026-03-01,10.1,126.6,1,9
953,10,608,2026-03-03,10.1,126.7,1,8
954,10,702,2026-03-04,8.1,100.7,1,53
955,10,820,2026-04-05,8.9,111.8,1,28
956,10,722,2026-03-28,7.0,87.7,0,80
957,10,727,2026-03-13,5.2,64.9,0,102
958,10,723,2026-03-27,8.3,103.7,1,47
959,10,786,2026-02-27,2.2,27.0,0,126
960,10,691,2026-03-17,6.9,85.7,0,85
961,10,668,2026-03-27,10.1,125.7,1,10
962,10,900,2026-03-07,8.9,111.4,1,29
963,10,800,2026-03-15,6.9,86.1,0,83
964,10,654,2026-03-17,2.8,34.5,0,118
965,10,612,2026-03-16,7.8,97.7,0,61
966,10,831,2026-03-14,9.3,115.9,1,25
967,10,895,2026-03-31,7.2,89.7,0,76
968,10,639,2026-03-25,8.5,106.6,1,39
969,10,817,2026-03-04,10.0,124.5,1,13
970,10,729,2026-02-26,7.3,90.8,0,74
971,10,646,2026-03-05,6.9,85.7,0,86
972,10,884,2026-03-22,7.1,88.5,0,78
973,10,658,2026-04-03,8.1,101.6,1,52
974,10,763,2026-03-09,3.4,42.0,0,114
975,10,659,2026-03-14,3.9,48.8,0,111
976,10,834,2026-03-01,2.4,29.7,0,123
977,10,889,2026-03-22,5.2,65.1,0,101
978,10,653,2026-03-17,9.7,121.5,1,16
979,10,737,2026-04-02,8.0,99.6,0,55
980,10,665,2026-03-11,5.1,63.5,0,103
981,10,882,2026-02-24,7.6,95.0,0,67
982,10,632,2026-03-12,9.9,123.2,1,14
983,10,859,2026-03-16,8.0,99.8,0,54
984,10,741,2026-03-23,8.4,105.4,1,41
985,10,650,2026-04-02,4.6,57.8,0,106
986,10,780,2026-03-11,7.4,92.1,0,73
987,10,814,2026-03-20,7.6,95.0,0,68
988,10,684,2026-03-23,9.6,119.5,1,21
989,10,705,2026-04-07,6.6,81.9,0,92
990,10,815,2026-03-28,10.2,127.3,1,5
991,10,804,2026-02-27,8.0,99.5,0,56
992,10,785,2026-03-15,8.3,104.0,1,46
993,10,856,2026-03-07,7.6,95.3,0,65
994,10,625,2026-02-27,10.3,128.8,1,2
995,10,784,2026-03-29,4.8,60.3,0,104
996,10,770,2026-04-07,7.2,90.6,0,75
997,10,849,2026-03-23,2.0,24.9,0,128
998,10,627,2026-03-16,3.3,41.8,0,115
999,10,808,2026-03-03,8.4,105.1,1,43
1000,10,821,2026-03-11,4.4,54.5,0,108
1001,10,853,2026-03-01,8.6,107.8,1,36
1002,10,887,2026-03-05,6.6,82.4,0,90
1003,10,758,2026-03-15,8.9,110.7,1,32
1004,10,840,2026-03-02,7.7,96.7,0,62
1005,10,818,2026-03-25,3.8,47.4,0,112
1006,10,759,2026-03-16,5.4,67.2,0,100
1007,10,892,2026-04-04,6.4,79.9,0,93
1008,10,680,2026-03-23,9.4,117.6,1,24
1009,10,905,2026-03-04,9.2,114.5,1,27
1010,10,761,2026-03-11,4.8,60.2,0,105
1011,10,912,2026-02-27,2.8,34.4,0,119
1012,10,629,2026-02-25,8.2,102.7,1,49
1013,10,738,2026-04-03,7.0,87.0,0,82
1014,10,793,2026-02-26,7.6,94.5,0,70
1015,10,620,2026-03-05,10.2,127.1,1,6
1016,10,850,2026-03-09,2.0,25.1,0,127
1017,10,645,2026-04-03,2.6,32.7,0,120
1018,10,908,2026-02-27,6.1,76.8,0,94
1019,10,909,2026-04-04,9.2,114.6,1,26
1020,10,614,2026-03-29,4.5,56.7,0,107
1021,10,778,2026-03-09,6.8,85.1,0,88
1022,11,822,2026-03-30,13.0,86.8,0,41
1023,11,648,2026-04-09,19.3,128.5,1,3
1024,11,815,2026-04-09,17.0,113.5,1,16
1025,11,608,2026-04-03,19.3,128.5,1,4
1026,11,616,2026-04-16,10.1,67.6,0,46
1027,11,738,2026-04-19,13.3,88.8,0,39
1028,11,677,2026-04-20,17.1,114.2,1,14
1029,11,751,2026-04-06,15.5,103.0,1,23
1030,11,643,2026-04-07,17.1,113.8,1,15
1031,11,646,2026-03-31,15.0,99.7,0,27
1032,11,621,2026-03-28,18.8,125.3,1,7
1033,11,912,2026-04-25,9.5,63.3,0,47
1034,11,849,2026-04-07,5.4,36.2,0,55
1035,11,866,2026-04-06,14.3,95.1,0,33
1036,11,872,2026-04-04,19.0,126.8,1,5
1037,11,623,2026-03-28,19.3,128.9,1,1
1038,11,644,2026-04-14,18.0,120.1,1,9
1039,11,705,2026-04-22,14.6,97.5,0,30
1040,11,804,2026-04-10,15.2,101.2,1,25
1041,11,812,2026-04-25,16.2,108.0,1,17
1042,11,617,2026-04-01,19.3,128.9,1,2
1043,11,892,2026-04-05,8.6,57.6,0,51
1044,11,790,2026-04-12,13.4,89.6,0,38
1045,11,809,2026-04-09,18.9,126.2,1,6
1046,11,737,2026-04-18,15.1,100.9,1,26
1047,11,635,2026-04-23,12.9,86.2,0,42
1048,11,845,2026-04-08,7.3,48.9,0,52
1049,11,769,2026-04-25,15.3,101.9,1,24
1050,11,784,2026-04-03,12.8,85.6,0,43
1051,11,831,2026-04-10,14.4,96.0,0,32
1052,11,687,2026-04-25,14.2,94.4,0,34
1053,11,701,2026-04-04,14.1,94.0,0,35
1054,11,665,2026-04-18,9.1,60.5,0,48
1055,11,905,2026-03-28,16.2,107.7,1,18
1056,11,781,2026-03-29,16.1,107.2,1,19
1057,11,629,2026-04-20,18.1,120.7,1,8
1058,11,678,2026-04-10,17.3,115.4,1,13
1059,11,770,2026-03-30,14.9,99.6,0,28
1060,11,893,2026-04-05,15.8,105.2,1,22
1061,11,793,2026-04-22,12.4,82.5,0,44
1062,11,659,2026-04-17,7.2,48.0,0,53
1063,11,707,2026-04-02,13.1,87.6,0,40
1064,11,718,2026-04-12,13.6,90.8,0,36
1065,11,766,2026-04-12,17.4,116.0,1,12
1066,11,878,2026-04-04,15.8,105.4,1,21
1067,11,713,2026-03-29,13.5,90.1,0,37
1068,11,889,2026-04-02,10.3,68.5,0,45
1069,11,618,2026-04-07,8.9,59.4,0,50
1070,11,691,2026-04-06,18.0,119.7,1,11
1071,11,885,2026-04-23,9.0,60.3,0,49
1072,11,780,2026-04-23,18.0,119.8,1,10
1073,11,898,2026-04-02,6.0,40.3,0,54
1074,11,628,2026-04-21,14.5,96.5,0,31
1075,11,782,2026-03-31,14.8,98.5,0,29
1076,11,744,2026-04-06,16.0,106.5,1,20
1077,12,1004,2026-04-18,810.0,40.5,0,5
1078,12,960,2026-05-03,878.0,43.9,0,2
1079,12,921,2026-05-03,746.0,37.3,0,10
1080,12,981,2026-04-30,562.0,28.1,0,18
1081,12,1028,2026-04-18,806.0,40.3,0,6
1082,12,961,2026-04-16,286.0,14.3,0,31
1083,12,988,2026-05-04,438.0,21.9,0,26
1084,12,951,2026-05-02,662.0,33.1,0,16
1085,12,924,2026-05-04,568.0,28.4,0,17
1086,12,1000,2026-04-18,538.0,26.9,0,21
1087,12,999,2026-04-25,840.0,42.0,0,4
1088,12,936,2026-05-03,498.0,24.9,0,23
1089,12,985,2026-04-22,544.0,27.2,0,20
1090,12,1012,2026-04-30,744.0,37.2,0,11
1091,12,947,2026-04-18,664.0,33.2,0,15
1092,12,931,2026-04-16,228.0,11.4,0,36
1093,12,965,2026-04-18,304.0,15.2,0,29
1094,12,975,2026-05-02,714.0,35.7,0,13
1095,12,1003,2026-05-04,314.0,15.7,0,27
1096,12,973,2026-04-27,290.0,14.5,0,30
1097,12,990,2026-05-04,780.0,39.0,0,8
1098,12,995,2026-04-25,198.0,9.9,0,38
1099,12,943,2026-04-28,286.0,14.3,0,32
1100,12,927,2026-04-24,726.0,36.3,0,12
1101,12,978,2026-04-16,206.0,10.3,0,37
1102,12,957,2026-04-21,262.0,13.1,0,33
1103,12,1027,2026-04-20,772.0,38.6,0,9
1104,12,926,2026-04-24,260.0,13.0,0,34
1105,12,946,2026-04-27,562.0,28.1,0,19
1106,12,974,2026-04-16,474.0,23.7,0,25
1107,12,963,2026-04-21,310.0,15.5,0,28
1108,12,940,2026-04-30,792.0,39.6,0,7
1109,12,966,2026-04-19,532.0,26.6,0,22
1110,12,1014,2026-04-28,478.0,23.9,0,24
1111,12,983,2026-04-25,668.0,33.4,0,14
1112,12,1018,2026-04-18,878.0,43.9,0,3
1113,12,962,2026-05-02,894.0,44.7,0,1
1114,12,977,2026-04-20,248.0,12.4,0,35
1115,13,997,2026-03-26,633.0,42.2,0,31
1116,13,955,2026-04-08,540.0,36.0,0,38
1117,13,969,2026-05-01,1368.0,91.2,0,9
1118,13,941,2026-04-02,789.0,52.6,0,24
1119,13,1019,2026-04-26,393.0,26.2,0,42
1120,13,952,2026-04-04,526.5,35.1,0,39
1121,13,943,2026-03-23,1273.5,84.9,0,11
1122,13,923,2026-04-01,708.0,47.2,0,27
1123,13,978,2026-03-26,343.5,22.9,0,43
1124,13,995,2026-04-22,1198.5,79.9,0,13
1125,13,1027,2026-04-02,1555.5,103.7,1,1
1126,13,983,2026-04-13,654.0,43.6,0,30
1127,13,962,2026-04-30,846.0,56.4,0,22
1128,13,1013,2026-03-30,1174.5,78.3,0,14
1129,13,921,2026-05-04,409.5,27.3,0,41
1130,13,1025,2026-04-15,1380.0,92.0,0,8
1131,13,927,2026-04-17,1021.5,68.1,0,19
1132,13,1018,2026-04-04,763.5,50.9,0,26
1133,13,968,2026-04-29,949.5,63.3,0,21
1134,13,1003,2026-04-22,1515.0,101.0,1,4
1135,13,964,2026-04-05,1054.5,70.3,0,18
1136,13,931,2026-04-21,549.0,36.6,0,37
1137,13,993,2026-03-29,765.0,51.0,0,25
1138,13,975,2026-05-03,1422.0,94.8,0,7
1139,13,994,2026-04-04,1522.5,101.5,1,3
1140,13,936,2026-04-04,1123.5,74.9,0,15
1141,13,959,2026-05-04,1110.0,74.0,0,16
1142,13,985,2026-04-19,1554.0,103.6,1,2
1143,13,1015,2026-04-09,1435.5,95.7,0,6
1144,13,1002,2026-04-22,609.0,40.6,0,35
1145,13,1012,2026-04-01,550.5,36.7,0,36
1146,13,1004,2026-04-23,663.0,44.2,0,29
1147,13,1011,2026-04-09,796.5,53.1,0,23
1148,13,1023,2026-04-17,612.0,40.8,0,33
1149,13,989,2026-03-30,1252.5,83.5,0,12
1150,13,1008,2026-03-24,1297.5,86.5,0,10
1151,13,987,2026-04-14,1083.0,72.2,0,17
1152,13,961,2026-04-12,667.5,44.5,0,28
1153,13,940,2026-04-21,612.0,40.8,0,34
1154,13,1009,2026-03-27,1443.0,96.2,0,5
1155,13,981,2026-04-19,1003.5,66.9,0,20
1156,13,988,2026-05-01,478.5,31.9,0,40
1157,13,991,2026-04-01,621.0,41.4,0,32
1158,14,1011,2026-03-28,9.1,113.4,1,9
1159,14,927,2026-04-10,3.1,38.7,0,22
1160,14,947,2026-03-21,9.1,114.3,1,7
1161,14,922,2026-04-01,7.7,95.7,0,15
1162,14,957,2026-03-21,9.3,116.1,1,6
1163,14,1026,2026-04-03,7.2,90.5,0,16
1164,14,987,2026-03-31,2.6,32.7,0,24
1165,14,998,2026-04-05,7.2,90.2,0,17
1166,14,965,2026-03-26,9.1,113.7,1,8
1167,14,946,2026-04-10,9.0,112.6,1,10
1168,14,973,2026-04-03,8.3,103.4,1,12
1169,14,995,2026-04-16,9.5,119.3,1,4
1170,14,941,2026-04-02,5.0,63.0,0,20
1171,14,962,2026-04-02,9.4,117.3,1,5
1172,14,1028,2026-04-06,8.3,103.5,1,11
1173,14,985,2026-03-28,6.9,86.0,0,19
1174,14,1008,2026-03-23,7.2,90.1,0,18
1175,14,982,2026-04-17,8.1,101.8,1,13
1176,14,959,2026-04-17,9.6,120.1,1,3
1177,14,961,2026-03-20,9.7,121.8,1,2
1178,14,924,2026-03-29,2.3,29.3,0,25
1179,14,928,2026-04-04,1.8,21.9,0,27
1180,14,988,2026-04-22,2.7,33.2,0,23
1181,14,939,2026-04-04,1.9,23.3,0,26
1182,14,1000,2026-03-23,10.3,128.4,1,1
1183,14,1027,2026-04-14,7.8,97.4,0,14
1184,14,964,2026-04-08,4.4,54.4,0,21
1185,15,1237,2025-12-20,19.1,127.6,1,2
1186,15,1249,2025-12-26,16.1,107.5,1,16
1187,15,1230,2026-01-07,13.2,88.0,0,38
1188,15,1171,2025-12-28,18.3,121.7,1,6
1189,15,1183,2025-12-17,13.6,90.8,0,34
1190,15,1154,2025-12-27,14.9,99.2,0,22
1191,15,1066,2025-12-13,18.5,123.3,1,4
1192,15,1179,2025-12-29,3.8,25.3,0,60
1193,15,1199,2025-12-25,18.5,123.2,1,5
1194,15,1170,2025-12-19,13.7,91.5,0,33
1195,15,1146,2025-12-13,12.2,81.4,0,41
1196,15,1260,2025-12-27,14.5,96.6,0,29
1197,15,1054,2026-01-09,15.6,104.2,1,18
1198,15,1053,2025-12-18,14.7,98.0,0,26
1199,15,1189,2025-12-24,13.1,87.1,0,39
1200,15,1205,2026-01-09,13.6,90.7,0,35
1201,15,1159,2025-12-13,12.9,86.0,0,40
1202,15,1124,2025-12-29,14.1,94.3,0,32
1203,15,1248,2025-12-31,9.2,61.4,0,48
1204,15,1247,2025-12-29,14.4,95.7,0,31
1205,15,1106,2025-12-21,14.8,99.0,0,23
1206,15,1144,2025-12-26,5.2,34.7,0,58
1207,15,1084,2026-01-04,7.9,52.5,0,53
1208,15,1224,2025-12-17,17.3,115.4,1,11
1209,15,1118,2025-12-21,17.0,113.4,1,12
1210,15,1164,2026-01-02,14.6,97.3,0,27
1211,15,1094,2026-01-10,9.7,64.8,0,47
1212,15,1044,2025-12-29,16.0,106.6,1,17
1213,15,1254,2025-12-14,16.2,107.8,1,15
1214,15,1136,2026-01-05,19.2,127.7,1,1
1215,15,1117,2025-12-25,2.8,18.4,0,64
1216,15,1169,2026-01-02,10.2,68.0,0,44
1217,15,1174,2025-12-17,13.5,89.8,0,36
1218,15,1055,2026-01-02,7.8,52.0,0,54
1219,15,1080,2026-01-06,8.1,54.2,0,52
1220,15,1168,2026-01-04,10.9,73.0,0,42
1221,15,1050,2025-12-20,8.4,56.0,0,51
1222,15,1193,2025-12-13,18.0,119.8,1,7
1223,15,1262,2025-12-17,10.0,66.5,0,45
1224,15,1204,2026-01-06,4.6,30.8,0,59
1225,15,1103,2025-12-30,16.3,108.6,1,14
1226,15,1147,2025-12-27,9.8,65.0,0,46
1227,15,1086,2025-12-21,9.1,60.6,0,49
1228,15,1214,2025-12-31,8.7,58.0,0,50
1229,15,1079,2026-01-05,17.5,117.0,1,9
1230,15,1041,2026-01-08,17.7,118.1,1,8
1231,15,1233,2025-12-13,14.5,96.5,0,30
1232,15,1071,2025-12-29,13.3,88.9,0,37
1233,15,1082,2026-01-01,6.8,45.6,0,55
1234,15,1149,2025-12-26,5.5,37.0,0,57
1235,15,1219,2025-12-17,18.7,124.7,1,3
1236,15,1175,2025-12-16,3.1,20.9,0,62
1237,15,1152,2025-12-26,14.8,98.4,0,25
1238,15,1203,2025-12-25,16.8,112.3,1,13
1239,15,1158,2026-01-07,5.8,38.9,0,56
1240,15,1195,2025-12-16,15.5,103.5,1,19
1241,15,1217,2025-12-31,15.0,100.1,1,21
1242,15,1123,2026-01-07,14.5,96.7,0,28
1243,15,1107,2025-12-27,17.5,117.0,1,10
1244,15,1095,2025-12-26,3.7,24.7,0,61
1245,15,1162,2025-12-13,10.9,72.7,0,43
1246,15,1267,2025-12-13,14.8,99.0,0,24
1247,15,1166,2025-12-23,2.9,19.6,0,63
1248,15,1032,2025-12-24,15.3,102.2,1,20
1249,16,1172,2026-04-21,9.6,63.8,0,18
1250,16,1245,2026-05-02,7.3,48.9,0,27
1251,16,1073,2026-05-01,9.6,63.9,0,16
1252,16,1171,2026-04-27,7.9,52.7,0,23
1253,16,1071,2026-04-20,9.6,63.9,0,17
1254,16,1098,2026-04-19,10.8,72.3,0,7
1255,16,1251,2026-04-28,7.0,46.6,0,29
1256,16,1106,2026-05-02,7.6,50.7,0,25
1257,16,1079,2026-04-24,2.8,18.8,0,45
1258,16,1186,2026-05-01,9.0,60.0,0,20
1259,16,1266,2026-04-21,5.3,35.5,0,35
1260,16,1204,2026-04-14,5.1,34.3,0,36
1261,16,1202,2026-04-14,10.9,72.4,0,6
1262,16,1060,2026-04-12,9.1,60.4,0,19
1263,16,1182,2026-05-02,3.5,23.6,0,42
1264,16,1168,2026-04-15,5.9,39.0,0,31
1265,16,1099,2026-04-22,7.0,46.5,0,30
1266,16,1119,2026-04-16,9.6,64.0,0,15
1267,16,1164,2026-04-25,3.6,23.7,0,41
1268,16,1243,2026-04-19,10.0,66.9,0,11
1269,16,1130,2026-04-26,7.3,48.9,0,28
1270,16,1120,2026-04-27,4.3,29.0,0,40
1271,16,1056,2026-04-16,3.4,22.6,0,43
1272,16,1152,2026-04-22,7.9,52.5,0,24
1273,16,1108,2026-04-27,9.9,65.7,0,12
1274,16,1189,2026-05-01,11.5,76.6,0,1
1275,16,1066,2026-05-03,9.6,64.2,0,14
1276,16,1237,2026-04-30,5.8,38.8,0,32
1277,16,1037,2026-04-28,11.2,74.4,0,4
1278,16,1160,2026-04-25,10.5,70.0,0,9
1279,16,1076,2026-04-30,5.5,36.6,0,34
1280,16,1049,2026-04-16,4.6,30.8,0,38
1281,16,1083,2026-04-15,10.4,69.3,0,10
1282,16,1226,2026-04-11,11.2,74.6,0,3
1283,16,1200,2026-04-22,11.3,75.6,0,2
1284,16,1040,2026-04-27,7.4,49.1,0,26
1285,16,1185,2026-04-15,9.0,59.7,0,21
1286,16,1047,2026-05-03,4.5,29.7,0,39
1287,16,1248,2026-04-30,9.7,64.7,0,13
1288,16,1035,2026-04-27,3.2,21.4,0,44
1289,16,1188,2026-05-02,2.6,17.0,0,46
1290,16,1132,2026-04-12,5.6,37.4,0,33
1291,16,1158,2026-04-28,10.7,71.4,0,8
1292,16,1050,2026-04-20,11.1,74.2,0,5
1293,16,1218,2026-04-19,8.5,56.9,0,22
1294,16,1146,2026-04-29,4.9,32.7,0,37
1295,17,1099,2025-11-21,4.7,117.8,1,15
1296,17,1185,2025-11-22,5.1,128.3,1,6
1297,17,1259,2025-11-22,4.1,103.2,1,26
1298,17,1060,2025-12-14,3.4,83.8,0,53
1299,17,1032,2025-12-19,4.6,113.9,1,17
1300,17,1165,2025-12-19,1.4,35.2,0,75
1301,17,1067,2025-12-18,4.5,112.3,1,19
1302,17,1227,2025-12-05,4.2,106.1,1,23
1303,17,1253,2025-12-04,1.2,29.5,0,80
1304,17,1083,2025-12-11,0.7,18.3,0,84
1305,17,1085,2025-12-12,2.1,53.3,0,70
1306,17,1248,2025-12-01,3.9,98.0,0,32
1307,17,1147,2025-11-28,2.3,57.1,0,68
1308,17,1129,2025-12-02,3.8,93.8,0,38
1309,17,1250,2025-11-22,4.8,119.1,1,14
1310,17,1091,2025-12-09,4.6,115.5,1,16
1311,17,1041,2025-12-02,4.1,102.4,1,27
1312,17,1070,2025-12-02,5.1,126.5,1,8
1313,17,1056,2025-12-07,2.7,68.0,0,60
1314,17,1243,2025-12-04,5.0,125.3,1,9
1315,17,1222,2025-12-08,4.2,105.3,1,24
1316,17,1039,2025-12-13,3.0,74.3,0,57
1317,17,1148,2025-11-23,3.6,89.2,0,45
1318,17,1046,2025-12-08,1.4,34.1,0,76
1319,17,1210,2025-11-22,3.7,92.1,0,40
1320,17,1260,2025-12-07,3.7,93.7,0,39
1321,17,1221,2025-11-26,4.8,120.1,1,13
1322,17,1084,2025-12-18,3.0,74.6,0,56
1323,17,1174,2025-12-10,3.6,88.9,0,46
1324,17,1262,2025-12-01,2.7,67.9,0,61
1325,17,1192,2025-11-30,5.1,128.6,1,3
1326,17,1245,2025-11-28,2.8,69.4,0,59
1327,17,1202,2025-12-11,3.5,86.7,0,48
1328,17,1172,2025-12-11,3.8,94.3,0,37
1329,17,1240,2025-12-12,2.7,67.2,0,62
1330,17,1038,2025-12-07,2.2,55.9,0,69
1331,17,1258,2025-11-29,1.0,25.3,0,82
1332,17,1141,2025-12-03,3.8,95.9,0,34
1333,17,1252,2025-11-28,3.4,83.9,0,52
1334,17,1133,2025-11-21,0.7,17.8,0,85
1335,17,1036,2025-12-05,2.7,66.7,0,63
1336,17,1163,2025-11-21,1.5,38.7,0,74
1337,17,1061,2025-12-19,4.8,120.5,1,12
1338,17,1170,2025-12-18,5.1,128.7,1,2
1339,17,1265,2025-12-15,2.1,53.3,0,71
1340,17,1232,2025-11-30,2.6,64.6,0,64
1341,17,1215,2025-12-11,4.0,99.3,0,30
1342,17,1149,2025-12-18,1.2,29.1,0,81
1343,17,1193,2025-12-15,3.8,95.2,0,35
1344,17,1217,2025-12-01,3.8,96.2,0,33
1345,17,1109,2025-12-09,4.2,104.6,1,25
1346,17,1183,2025-11-26,3.5,87.3,0,47
1347,17,1050,2025-12-03,2.4,59.2,0,67
1348,17,1072,2025-11-25,1.6,40.5,0,72
1349,17,1179,2025-12-13,0.9,21.5,0,83
1350,17,1220,2025-11-25,4.5,112.7,1,18
1351,17,1073,2025-11-27,4.4,110.3,1,21
1352,17,1211,2025-11-28,3.1,78.5,0,54
1353,17,1110,2025-11-24,3.8,94.7,0,36
1354,17,1126,2025-12-08,4.1,101.4,1,28
1355,17,1155,2025-12-04,1.2,30.2,0,78
1356,17,1205,2025-12-19,3.6,89.3,0,44
1357,17,1251,2025-11-26,0.7,16.4,0,86
1358,17,1153,2025-11-23,4.9,121.3,1,11
1359,17,1100,2025-12-05,3.6,91.0,0,42
1360,17,1077,2025-12-02,2.4,59.6,0,66
1361,17,1237,2025-12-19,4.4,111.2,1,20
1362,17,1117,2025-11-24,1.2,29.9,0,79
1363,17,1094,2025-12-17,2.4,60.0,0,65
1364,17,1037,2025-12-03,4.4,108.8,1,22
1365,17,1189,2025-12-19,5.1,128.4,1,4
1366,17,1257,2025-12-17,2.8,69.9,0,58
1367,17,1114,2025-11-23,4.0,99.1,0,31
1368,17,1116,2025-12-11,4.0,99.8,0,29
1369,17,1062,2025-11-25,1.6,40.1,0,73
1370,17,1201,2025-12-05,1.2,31.2,0,77
1371,17,1123,2025-11-30,5.1,126.9,1,7
1372,17,1146,2025-12-04,3.1,76.4,0,55
1373,17,1076,2025-11-29,5.1,128.4,1,5
1374,17,1074,2025-12-16,3.4,85.9,0,51
1375,17,1261,2025-11-23,3.5,86.7,0,49
1376,17,1160,2025-11-28,5.0,124.6,1,10
1377,17,1033,2025-11-27,3.6,90.2,0,43
1378,17,1219,2025-12-06,3.5,86.4,0,50
1379,17,1249,2025-12-13,3.7,92.0,0,41
1380,17,1186,2025-11-29,5.2,129.9,1,1
1381,18,1132,2026-03-18,3.2,53.9,0,44
1382,18,1266,2026-04-10,1.8,29.3,0,56
1383,18,1115,2026-03-29,4.8,80.0,0,35
1384,18,1073,2026-04-11,7.6,127.4,1,1
1385,18,1124,2026-03-22,5.1,85.8,0,32
1386,18,1245,2026-03-13,5.2,86.7,0,31
1387,18,1118,2026-03-18,7.4,122.8,1,4
1388,18,1170,2026-04-18,6.0,100.8,1,20
1389,18,1106,2026-04-01,3.9,65.6,0,40
1390,18,1262,2026-04-03,5.1,85.0,0,33
1391,18,1079,2026-04-04,5.8,97.3,0,23
1392,18,1232,2026-02-27,4.6,76.9,0,36
1393,18,1071,2026-03-06,4.3,72.3,0,38
1394,18,1032,2026-04-17,6.4,106.8,1,17
1395,18,1217,2026-04-04,6.8,113.6,1,14
1396,18,1130,2026-03-01,1.8,29.6,0,55
1397,18,1227,2026-02-24,5.3,88.0,0,29
1398,18,1085,2026-03-06,3.1,51.8,0,49
1399,18,1075,2026-04-12,5.9,97.9,0,22
1400,18,1141,2026-03-13,6.9,115.5,1,11
1401,18,1133,2026-03-07,2.4,40.6,0,53
1402,18,1164,2026-03-06,3.1,51.4,0,50
1403,18,1175,2026-03-29,1.5,24.6,0,57
1404,18,1163,2026-04-08,2.9,48.7,0,52
1405,18,1061,2026-03-10,6.9,115.7,1,10
1406,18,1265,2026-03-03,3.3,55.3,0,43
1407,18,1242,2026-03-18,7.6,126.4,1,3
1408,18,1044,2026-04-11,7.2,120.2,1,6
1409,18,1202,2026-03-18,6.9,115.3,1,12
1410,18,1257,2026-02-27,3.0,50.5,0,51
1411,18,1054,2026-03-04,7.6,126.7,1,2
1412,18,1083,2026-03-25,3.2,53.1,0,47
1413,18,1084,2026-03-08,3.2,53.7,0,46
1414,18,1166,2026-03-24,3.2,53.1,0,48
1415,18,1139,2026-04-06,5.7,94.6,0,28
1416,18,1200,2026-03-04,6.7,111.5,1,15
1417,18,1098,2026-03-15,3.8,64.0,0,41
1418,18,1122,2026-04-03,2.3,38.5,0,54
1419,18,1225,2026-02-26,5.7,95.1,0,27
1420,18,1243,2026-03-28,7.4,122.7,1,5
1421,18,1249,2026-02-28,5.8,96.3,0,24
1422,18,1039,2026-04-10,3.2,53.9,0,45
1423,18,1252,2026-03-12,5.7,95.3,0,25
1424,18,1036,2026-04-08,5.7,95.3,0,26
1425,18,1113,2026-03-24,7.1,118.5,1,7
1426,18,1146,2026-03-23,4.9,82.1,0,34
1427,18,1041,2026-03-14,5.2,87.3,0,30
1428,18,1129,2026-03-01,6.9,115.2,1,13
1429,18,1224,2026-04-04,6.7,111.2,1,16
1430,18,1171,2026-03-12,6.3,104.9,1,19
1431,18,1254,2026-04-05,6.3,105.4,1,18
1432,18,1033,2026-04-05,7.1,118.1,1,8
1433,18,1185,2026-04-16,6.0,99.7,0,21
1434,18,1038,2026-04-01,3.7,61.6,0,42
1435,18,1247,2026-04-03,4.2,69.7,0,39
1436,18,1192,2026-02-28,7.1,117.5,1,9
1437,18,1215,2026-04-20,4.6,76.0,0,37
1438,19,1226,2025-11-22,13.4,89.6,0,48
1439,19,1233,2025-12-19,16.5,110.2,1,22
1440,19,1200,2026-01-08,17.6,117.4,1,15
1441,19,1114,2025-12-05,15.8,105.0,1,24
1442,19,1040,2025-12-06,14.0,93.4,0,41
1443,19,1086,2025-12-01,13.4,89.2,0,49
1444,19,1034,2025-12-20,9.6,63.9,0,64
1445,19,1050,2025-11-27,8.8,58.6,0,66
1446,19,1055,2025-12-14,11.6,77.3,0,58
1447,19,1267,2026-01-09,17.2,114.9,1,17
1448,19,1123,2025-12-10,17.1,114.3,1,18
1449,19,1104,2025-11-30,15.8,105.5,1,23
1450,19,1139,2025-12-26,17.9,119.3,1,12
1451,19,1141,2025-12-17,15.0,100.3,1,28
1452,19,1043,2025-12-28,8.4,55.9,0,68
1453,19,1158,2026-01-11,7.6,50.4,0,72
1454,19,1151,2025-11-20,10.7,71.4,0,60
1455,19,1124,2025-12-06,14.0,93.3,0,42
1456,19,1206,2025-11-20,10.0,66.8,0,62
1457,19,1103,2025-12-24,17.7,118.2,1,13
1458,19,1079,2025-12-24,15.0,100.3,1,29
1459,19,1255,2026-01-06,9.8,65.0,0,63
1460,19,1070,2025-12-13,14.3,95.6,0,37
1461,19,1039,2025-12-13,14.7,98.2,0,33
1462,19,1032,2025-12-23,13.5,90.1,0,46
1463,19,1171,2025-12-08,17.7,118.0,1,14
1464,19,1208,2026-01-11,18.5,123.1,1,9
1465,19,1076,2026-01-13,17.4,116.1,1,16
1466,19,1036,2026-01-12,13.5,89.7,0,47
1467,19,1144,2025-12-28,5.8,38.5,0,74
1468,19,1247,2025-12-20,12.1,80.7,0,57
1469,19,1053,2025-12-31,19.5,130.0,1,1
1470,19,1081,2026-01-03,9.2,61.3,0,65
1471,19,1257,2025-12-29,7.6,50.5,0,71
1472,19,1037,2025-12-30,14.8,98.9,0,31
1473,19,1251,2026-01-14,3.5,23.5,0,77
1474,19,1074,2025-11-23,15.3,102.3,1,25
1475,19,1190,2025-12-31,18.7,124.9,1,6
1476,19,1154,2026-01-04,18.5,123.3,1,7
1477,19,1129,2025-11-19,19.4,129.3,1,2
1478,19,1075,2025-12-08,14.9,99.4,0,30
1479,19,1143,2025-12-12,16.9,112.8,1,19
1480,19,1260,2026-01-03,13.0,86.4,0,54
1481,19,1083,2025-11-26,3.8,25.5,0,76
1482,19,1232,2025-11-28,14.5,96.5,0,35
1483,19,1165,2026-01-13,5.4,35.9,0,75
1484,19,1227,2025-11-21,18.8,125.3,1,5
1485,19,1160,2026-01-09,19.0,126.7,1,4
1486,19,1265,2025-11-30,14.8,98.9,0,32
1487,19,1132,2025-11-19,13.1,87.5,0,52
1488,19,1188,2025-11-24,12.7,84.5,0,56
1489,19,1085,2025-12-11,11.2,74.6,0,59
1490,19,1207,2025-12-26,16.8,112.3,1,20
1491,19,1164,2025-12-10,13.8,92.1,0,44
1492,19,1248,2025-11-20,14.4,96.1,0,36
1493,19,1237,2026-01-01,18.4,122.9,1,11
1494,19,1100,2025-12-23,15.3,102.2,1,27
1495,19,1180,2026-01-03,12.8,85.1,0,55
1496,19,1061,2026-01-11,13.3,88.6,0,50
1497,19,1192,2025-11-20,14.0,93.5,0,40
1498,19,1159,2025-12-19,16.7,111.6,1,21
1499,19,1099,2025-12-04,18.5,123.3,1,8
1500,19,1224,2026-01-11,13.6,90.4,0,45
1501,19,1054,2025-11-27,13.3,88.5,0,51
1502,19,1185,2025-12-14,13.0,86.9,0,53
1503,19,1084,2025-12-07,7.8,52.2,0,70
1504,19,1166,2025-12-15,7.4,49.3,0,73
1505,19,1033,2026-01-06,14.2,94.5,0,39
1506,19,1049,2025-11-23,8.0,53.0,0,69
1507,19,1172,2025-12-13,13.9,92.7,0,43
1508,19,1056,2025-11-28,10.4,69.5,0,61
1509,19,1041,2025-12-05,14.3,95.3,0,38
1510,19,1217,2025-12-11,19.3,128.8,1,3
1511,19,1038,2025-11-26,14.7,98.0,0,34
1512,19,1044,2025-12-07,15.3,102.3,1,26
1513,19,1170,2025-12-18,18.5,123.1,1,10
1514,19,1201,2025-11-20,8.8,58.4,0,67
1515,20,1132,2026-04-08,3465.0,49.5,0,29
1516,20,1054,2026-04-21,1911.0,27.3,0,51
1517,20,1158,2026-04-01,2275.0,32.5,0,44
1518,20,1210,2026-03-28,3101.0,44.3,0,35
1519,20,1265,2026-04-24,5285.0,75.5,0,18
1520,20,1038,2026-04-08,2681.0,38.3,0,39
1521,20,1035,2026-04-17,3122.0,44.6,0,34
1522,20,1057,2026-05-02,2191.0,31.3,0,48
1523,20,1260,2026-04-19,5537.0,79.1,0,17
1524,20,1106,2026-04-24,6622.0,94.6,0,8
1525,20,1116,2026-04-09,2254.0,32.2,0,45
1526,20,1099,2026-04-07,7210.0,103.0,1,4
1527,20,1266,2026-04-09,2387.0,34.1,0,43
1528,20,1117,2026-04-09,6349.0,90.7,0,9
1529,20,1220,2026-04-14,6986.0,99.8,0,5
1530,20,1147,2026-04-07,4851.0,69.3,0,21
1531,20,1041,2026-04-26,4970.0,71.0,0,19
1532,20,1206,2026-04-12,5901.0,84.3,0,14
1533,20,1146,2026-04-10,2142.0,30.6,0,49
1534,20,1047,2026-03-27,6699.0,95.7,0,7
1535,20,1062,2026-04-24,2471.0,35.3,0,41
1536,20,1190,2026-04-18,6027.0,86.1,0,11
1537,20,1205,2026-03-27,1694.0,24.2,0,54
1538,20,1203,2026-04-14,4942.0,70.6,0,20
1539,20,1237,2026-03-23,3556.0,50.8,0,27
1540,20,1100,2026-04-30,2688.0,38.4,0,38
1541,20,1123,2026-04-05,1876.0,26.8,0,52
1542,20,1170,2026-03-23,3934.0,56.2,0,25
1543,20,1070,2026-04-27,2030.0,29.0,0,50
1544,20,1094,2026-04-14,5607.0,80.1,0,15
1545,20,1074,2026-04-30,2212.0,31.6,0,47
1546,20,1115,2026-04-28,1799.0,25.7,0,53
1547,20,1110,2026-04-13,2233.0,31.9,0,46
1548,20,1200,2026-04-29,6846.0,97.8,0,6
1549,20,1166,2026-04-18,5999.0,85.7,0,12
1550,20,1155,2026-04-23,5943.0,84.9,0,13
1551,20,1251,2026-04-21,3059.0,43.7,0,36
1552,20,1141,2026-04-30,4347.0,62.1,0,22
1553,20,1227,2026-04-08,3339.0,47.7,0,31
1554,20,1098,2026-03-24,4207.0,60.1,0,23
1555,20,1204,2026-03-23,7378.0,105.4,1,2
1556,20,1087,2026-03-27,3276.0,46.8,0,32
1557,20,1084,2026-03-26,3766.0,53.8,0,26
1558,20,1133,2026-03-30,5558.0,79.4,0,16
1559,20,1185,2026-04-11,7238.0,103.4,1,3
1560,20,1215,2026-04-08,2408.0,34.4,0,42
1561,20,1153,2026-04-07,7392.0,105.6,1,1
1562,20,1217,2026-03-28,3024.0,43.2,0,37
1563,20,1257,2026-03-27,3493.0,49.9,0,28
1564,20,1034,2026-03-29,2569.0,36.7,0,40
1565,20,1143,2026-04-19,1673.0,23.9,0,55
1566,20,1152,2026-04-23,3374.0,48.2,0,30
1567,20,1060,2026-04-21,4060.0,58.0,0,24
1568,20,1207,2026-04-08,6055.0,86.5,0,10
1569,20,1179,2026-04-25,3129.0,44.7,0,33
1570,21,1467,2025-12-29,1236.0,82.4,0,24
1571,21,1282,2026-01-18,1632.0,108.8,1,11
1572,21,1431,2026-01-04,1215.0,81.0,0,26
1573,21,1451,2026-01-19,1326.0,88.4,0,21
1574,21,1290,2026-01-20,765.0,51.0,0,42
1575,21,1329,2025-12-16,793.5,52.9,0,38
1576,21,1313,2025-12-29,1887.0,125.8,1,3
1577,21,1296,2026-01-14,1104.0,73.6,0,31
1578,21,1443,2026-01-22,1443.0,96.2,0,14
1579,21,1287,2025-12-23,435.0,29.0,0,45
1580,21,1371,2026-01-14,1209.0,80.6,0,27
1581,21,1363,2026-01-07,1932.0,128.8,1,1
1582,21,1430,2026-01-18,1837.5,122.5,1,4
1583,21,1322,2025-12-19,1722.0,114.8,1,7
1584,21,1388,2026-01-18,1716.0,114.4,1,8
1585,21,1394,2025-12-18,1282.5,85.5,0,23
1586,21,1305,2026-01-08,1053.0,70.2,0,32
1587,21,1321,2026-01-17,1824.0,121.6,1,5
1588,21,1419,2026-01-23,1443.0,96.2,0,15
1589,21,1314,2026-01-19,790.5,52.7,0,39
1590,21,1309,2025-12-15,970.5,64.7,0,33
1591,21,1405,2026-01-05,1917.0,127.8,1,2
1592,21,1281,2026-01-11,367.5,24.5,0,46
1593,21,1449,2026-01-04,555.0,37.0,0,44
1594,21,1319,2025-12-31,1572.0,104.8,1,12
1595,21,1432,2026-01-20,1194.0,79.6,0,29
1596,21,1437,2025-12-27,885.0,59.0,0,35
1597,21,1401,2026-01-13,1113.0,74.2,0,30
1598,21,1352,2026-01-11,805.5,53.7,0,37
1599,21,1396,2025-12-14,784.5,52.3,0,41
1600,21,1407,2026-01-20,1408.5,93.9,0,17
1601,21,1302,2025-12-31,1489.5,99.3,0,13
1602,21,1446,2025-12-18,1710.0,114.0,1,9
1603,21,1357,2025-12-30,727.5,48.5,0,43
1604,21,1277,2026-01-05,1197.0,79.8,0,28
1605,21,1338,2025-12-24,1294.5,86.3,0,22
1606,21,1402,2026-01-02,886.5,59.1,0,34
1607,21,1280,2025-12-17,1647.0,109.8,1,10
1608,21,1380,2025-12-14,789.0,52.6,0,40
1609,21,1355,2026-01-19,1353.0,90.2,0,20
1610,21,1413,2025-12-20,1437.0,95.8,0,16
1611,21,1337,2026-01-23,1216.5,81.1,0,25
1612,21,1342,2025-12-14,837.0,55.8,0,36
1613,21,1428,2025-12-31,1405.5,93.7,0,18
1614,21,1410,2026-01-05,1393.5,92.9,0,19
1615,21,1349,2025-12-21,1806.0,120.4,1,6
1616,22,1388,2026-04-29,154.0,30.8,0,7
1617,22,1326,2026-04-21,94.5,18.9,0,20
1618,22,1410,2026-04-25,46.5,9.3,0,30
1619,22,1443,2026-04-25,124.0,24.8,0,15
1620,22,1411,2026-04-28,133.5,26.7,0,13
1621,22,1271,2026-04-30,108.5,21.7,0,16
1622,22,1308,2026-04-29,208.0,41.6,0,1
1623,22,1372,2026-04-29,136.5,27.3,0,12
1624,22,1374,2026-04-19,137.5,27.5,0,11
1625,22,1321,2026-05-04,154.0,30.8,0,8
1626,22,1381,2026-04-24,66.0,13.2,0,27
1627,22,1273,2026-05-03,197.0,39.4,0,2
1628,22,1462,2026-04-25,76.5,15.3,0,26
1629,22,1342,2026-04-26,106.5,21.3,0,17
1630,22,1281,2026-05-04,80.0,16.0,0,24
1631,22,1367,2026-05-03,56.5,11.3,0,29
1632,22,1338,2026-04-19,182.0,36.4,0,4
1633,22,1346,2026-04-17,180.5,36.1,0,5
1634,22,1319,2026-04-20,85.0,17.0,0,21
1635,22,1286,2026-04-28,60.5,12.1,0,28
1636,22,1290,2026-05-03,139.0,27.8,0,10
1637,22,1300,2026-05-01,83.0,16.6,0,22
1638,22,1391,2026-04-29,189.5,37.9,0,3
1639,22,1469,2026-04-25,173.5,34.7,0,6
1640,22,1402,2026-04-24,128.0,25.6,0,14
1641,22,1277,2026-05-03,80.5,16.1,0,23
1642,22,1437,2026-04-28,78.5,15.7,0,25
1643,22,1331,2026-05-01,103.0,20.6,0,18
1644,22,1368,2026-05-02,141.5,28.3,0,9
1645,22,1458,2026-04-20,95.0,19.0,0,19
1646,23,1394,2025-12-28,4.8,96.2,0,13
1647,23,1414,2026-02-28,4.4,87.3,0,16
1648,23,1308,2026-02-08,4.7,93.3,0,14
1649,23,1468,2026-02-21,4.3,86.4,0,17
1650,23,1310,2026-01-28,1.0,20.2,0,32
1651,23,1437,2026-01-06,3.0,60.9,0,25
1652,23,1285,2026-02-03,1.5,30.5,0,30
1653,23,1281,2025-12-07,3.0,59.8,0,26
1654,23,1386,2026-02-05,6.1,122.5,1,6
1655,23,1338,2026-01-08,6.5,129.4,1,1
1656,23,1457,2026-02-16,5.3,105.4,1,11
1657,23,1319,2026-02-16,5.9,117.7,1,7
1658,23,1393,2026-01-07,5.4,107.4,1,9
1659,23,1462,2025-12-20,4.1,81.2,0,19
1660,23,1302,2026-02-06,6.2,124.0,1,4
1661,23,1407,2026-02-04,6.3,127.0,1,2
1662,23,1332,2026-02-24,3.4,67.1,0,22
1663,23,1292,2026-01-13,3.7,73.2,0,20
1664,23,1450,2026-02-17,5.3,105.6,1,10
1665,23,1362,2026-02-06,2.9,57.3,0,27
1666,23,1317,2026-01-16,3.2,64.3,0,23
1667,23,1324,2026-03-01,4.9,97.2,0,12
1668,23,1329,2026-01-11,3.1,61.7,0,24
1669,23,1287,2026-01-10,0.9,18.4,0,33
1670,23,1401,2026-02-04,4.2,83.7,0,18
1671,23,1312,2026-02-25,5.7,113.1,1,8
1672,23,1345,2025-12-22,2.8,56.0,0,28
1673,23,1461,2026-01-30,6.3,125.8,1,3
1674,23,1423,2026-02-11,1.1,22.6,0,31
1675,23,1343,2026-01-31,6.2,123.8,1,5
1676,23,1427,2026-02-23,3.6,72.0,0,21
1677,23,1348,2026-02-25,4.4,87.8,0,15
1678,23,1438,2026-01-17,2.5,49.8,0,29
1679,24,1482,2025-12-25,1234.0,123.4,1,4
1680,24,1473,2025-12-25,681.0,68.1,0,16
1681,24,1496,2026-01-02,1236.0,123.6,1,3
1682,24,1513,2025-12-19,1257.0,125.7,1,2
1683,24,1552,2025-12-28,1182.0,118.2,1,5
1684,24,1489,2025-12-18,1181.0,118.1,1,6
1685,24,1483,2025-12-30,695.0,69.5,0,14
1686,24,1488,2025-12-27,1124.0,112.4,1,8
1687,24,1510,2025-12-24,661.0,66.1,0,18
1688,24,1557,2025-12-14,695.0,69.5,0,15
1689,24,1504,2025-12-19,580.0,58.0,0,19
1690,24,1520,2026-01-01,742.0,74.2,0,13
1691,24,1551,2025-12-19,669.0,66.9,0,17
1692,24,1528,2025-12-16,508.0,50.8,0,20
1693,24,1554,2025-12-10,1014.0,101.4,1,9
1694,24,1495,2025-12-30,878.0,87.8,0,12
1695,24,1518,2026-01-06,987.0,98.7,0,10
1696,24,1553,2025-12-11,1267.0,126.7,1,1
1697,24,1502,2026-01-06,1178.0,117.8,1,7
1698,24,1534,2026-01-02,956.0,95.6,0,11
1699,25,1542,2026-01-06,11.4,113.7,1,6
1700,25,1498,2025-12-11,4.7,47.2,0,16
1701,25,1513,2025-12-17,12.5,124.6,1,1
1702,25,1556,2025-12-12,2.4,24.3,0,20
1703,25,1493,2025-11-23,11.2,111.8,1,7
1704,25,1516,2025-11-30,5.2,52.3,0,15
1705,25,1489,2025-12-15,8.7,86.9,0,9
1706,25,1481,2025-12-05,3.8,37.6,0,17
1707,25,1522,2026-01-06,8.7,86.8,0,10
1708,25,1521,2025-11-29,3.4,34.0,0,18
1709,25,1535,2025-12-16,8.6,85.7,0,11
1710,25,1541,2025-12-18,7.3,72.7,0,12
1711,25,1482,2025-12-07,10.8,107.5,1,8
1712,25,1497,2025-11-30,6.3,62.6,0,13
1713,25,1532,2026-01-01,6.1,61.2,0,14
1714,25,1540,2026-01-09,11.8,117.7,1,4
1715,25,1554,2025-12-14,12.4,124.3,1,2
1716,25,1495,2025-12-17,11.8,117.5,1,5
1717,25,1483,2025-12-10,2.8,27.9,0,19
1718,25,1546,2026-01-01,11.8,118.4,1,3
1719,25,1551,2025-11-20,2.2,22.0,0,21
1720,26,1478,2026-02-16,8748.0,72.9,0,14
1721,26,1501,2026-03-01,12876.0,107.3,1,9
1722,26,1543,2026-01-26,6480.0,54.0,0,18
1723,26,1529,2026-03-12,2436.0,20.3,0,23
1724,26,1542,2026-02-21,14352.0,119.6,1,6
1725,26,1511,2026-03-10,11052.0,92.1,0,11
1726,26,1481,2026-02-06,2616.0,21.8,0,22
1727,26,1490,2026-02-11,12660.0,105.5,1,10
1728,26,1518,2026-03-09,14160.0,118.0,1,7
1729,26,1535,2026-02-02,10524.0,87.7,0,12
1730,26,1506,2026-01-17,15024.0,125.2,1,3
1731,26,1525,2026-02-19,2844.0,23.7,0,21
1732,26,1557,2026-02-15,3312.0,27.6,0,20
1733,26,1472,2026-02-24,8076.0,67.3,0,16
1734,26,1486,2026-01-16,15324.0,127.7,1,1
1735,26,1559,2026-02-04,14544.0,121.2,1,5
1736,26,1551,2026-02-27,4236.0,35.3,0,19
1737,26,1497,2026-01-31,9564.0,79.7,0,13
1738,26,1521,2026-02-01,8184.0,68.2,0,15
1739,26,1503,2026-02-19,14952.0,124.6,1,4
1740,26,1554,2026-03-09,13704.0,114.2,1,8
1741,26,1546,2026-02-18,15132.0,126.1,1,2
1742,26,1475,2026-03-11,6828.0,56.9,0,17
1743,27,1753,2026-05-03,328.0,32.8,0,21
1744,27,1580,2026-04-22,262.0,26.2,0,25
1745,27,1588,2026-05-04,446.0,44.6,0,13
1746,27,1616,2026-05-04,490.0,49.0,0,12
1747,27,1629,2026-04-18,616.0,61.6,0,4
1748,27,1730,2026-04-29,410.0,41.0,0,14
1749,27,1708,2026-04-28,246.0,24.6,0,26
1750,27,1744,2026-04-22,640.0,64.0,0,1
1751,27,1587,2026-04-22,267.0,26.7,0,23
1752,27,1758,2026-04-22,606.0,60.6,0,5
1753,27,1641,2026-04-21,369.0,36.9,0,19
1754,27,1661,2026-04-26,266.0,26.6,0,24
1755,27,1566,2026-04-25,181.0,18.1,0,31
1756,27,1609,2026-04-16,410.0,41.0,0,15
1757,27,1662,2026-04-16,317.0,31.7,0,22
1758,27,1679,2026-04-30,378.0,37.8,0,18
1759,27,1658,2026-04-17,182.0,18.2,0,30
1760,27,1627,2026-04-24,365.0,36.5,0,20
1761,27,1681,2026-04-14,538.0,53.8,0,7
1762,27,1572,2026-04-17,627.0,62.7,0,2
1763,27,1571,2026-05-02,194.0,19.4,0,27
1764,27,1733,2026-04-17,511.0,51.1,0,9
1765,27,1690,2026-04-26,503.0,50.3,0,10
1766,27,1755,2026-05-01,382.0,38.2,0,17
1767,27,1678,2026-04-17,404.0,40.4,0,16
1768,27,1631,2026-04-25,492.0,49.2,0,11
1769,27,1621,2026-04-24,516.0,51.6,0,8
1770,27,1715,2026-05-03,622.0,62.2,0,3
1771,27,1686,2026-04-23,597.0,59.7,0,6
1772,27,1636,2026-04-24,185.0,18.5,0,29
1773,27,1698,2026-05-03,187.0,18.7,0,28
1774,28,1715,2025-12-26,5472.0,68.4,0,47
1775,28,1709,2025-11-21,7432.0,92.9,0,24
1776,28,1694,2026-01-12,6808.0,85.1,0,40
1777,28,1710,2025-11-18,5576.0,69.7,0,45
1778,28,1590,2025-11-19,5160.0,64.5,0,48
1779,28,1616,2026-01-22,8720.0,109.0,1,11
1780,28,1601,2025-11-16,8736.0,109.2,1,10
1781,28,1758,2026-01-08,8248.0,103.1,1,12
1782,28,1614,2025-12-17,7112.0,88.9,0,31
1783,28,1707,2026-01-22,4576.0,57.2,0,53
1784,28,1754,2025-12-11,7760.0,97.0,0,19
1785,28,1566,2025-12-10,7976.0,99.7,0,15
1786,28,1569,2025-11-15,7016.0,87.7,0,35
1787,28,1733,2026-01-14,4024.0,50.3,0,54
1788,28,1711,2026-01-05,7528.0,94.1,0,23
1789,28,1615,2025-11-30,2640.0,33.0,0,58
1790,28,1717,2025-12-26,7912.0,98.9,0,16
1791,28,1737,2025-11-23,5944.0,74.3,0,43
1792,28,1628,2026-01-24,10328.0,129.1,1,1
1793,28,1629,2026-01-10,7112.0,88.9,0,32
1794,28,1682,2025-11-30,9960.0,124.5,1,6
1795,28,1691,2025-11-15,7216.0,90.2,0,27
1796,28,1625,2026-01-20,9064.0,113.3,1,9
1797,28,1701,2025-11-29,7680.0,96.0,0,21
1798,28,1743,2025-12-21,6816.0,85.2,0,39
1799,28,1662,2025-12-30,7776.0,97.2,0,18
1800,28,1742,2025-11-23,9808.0,122.6,1,7
1801,28,1587,2025-12-12,6088.0,76.1,0,42
1802,28,1738,2025-12-26,3120.0,39.0,0,56
1803,28,1640,2026-01-13,7064.0,88.3,0,34
1804,28,1674,2026-02-01,9296.0,116.2,1,8
1805,28,1740,2026-01-23,8152.0,101.9,1,13
1806,28,1580,2025-12-24,10176.0,127.2,1,2
1807,28,1665,2025-11-25,1448.0,18.1,0,60
1808,28,1664,2026-01-19,7728.0,96.6,0,20
1809,28,1573,2025-11-27,5600.0,70.0,0,44
1810,28,1658,2025-11-28,7176.0,89.7,0,29
1811,28,1632,2025-12-10,6752.0,84.4,0,41
1812,28,1718,2025-12-23,7192.0,89.9,0,28
1813,28,1756,2026-01-14,7144.0,89.3,0,30
1814,28,1572,2025-12-09,4880.0,61.0,0,50
1815,28,1593,2026-02-01,7080.0,88.5,0,33
1816,28,1700,2026-01-17,3104.0,38.8,0,57
1817,28,1747,2026-01-05,4760.0,59.5,0,51
1818,28,1649,2026-01-28,3712.0,46.4,0,55
1819,28,1608,2025-11-13,4704.0,58.8,0,52
1820,28,1596,2025-12-04,10168.0,127.1,1,3
1821,28,1755,2026-01-04,6984.0,87.3,0,36
1822,28,1653,2025-12-08,5032.0,62.9,0,49
1823,28,1563,2025-11-18,6928.0,86.6,0,37
1824,28,1666,2025-12-10,10088.0,126.1,1,4
1825,28,1714,2025-11-19,5536.0,69.2,0,46
1826,28,1579,2026-01-25,10000.0,125.0,1,5
1827,28,1655,2025-12-02,7432.0,92.9,0,25
1828,28,1712,2025-11-19,7424.0,92.8,0,26
1829,28,1581,2025-12-14,7560.0,94.5,0,22
1830,28,1646,2025-12-10,7896.0,98.7,0,17
1831,28,1578,2026-01-01,8040.0,100.5,1,14
1832,28,1642,2025-12-20,6864.0,85.8,0,38
1833,28,1684,2026-01-13,1984.0,24.8,0,59
1834,29,1905,2025-11-11,6.1,61.4,0,38
1835,29,1861,2025-11-14,6.7,66.5,0,34
1836,29,1873,2025-12-01,6.0,60.5,0,41
1837,29,1858,2025-11-06,10.0,99.7,0,21
1838,29,1868,2025-11-07,6.1,60.8,0,40
1839,29,1820,2025-11-08,8.2,82.4,0,27
1840,29,1794,2025-11-08,12.3,123.3,1,7
1841,29,1931,2025-11-07,6.3,62.6,0,37
1842,29,1834,2025-11-09,8.7,87.3,0,25
1843,29,1771,2025-11-27,6.0,59.9,0,42
1844,29,1817,2025-11-22,5.6,55.6,0,44
1845,29,1790,2025-11-21,9.9,99.5,0,22
1846,29,1815,2025-11-26,5.2,51.9,0,45
1847,29,1888,2025-11-16,11.7,117.0,1,9
1848,29,1833,2025-11-09,4.6,45.6,0,49
1849,29,1785,2025-12-02,6.9,69.1,0,31
1850,29,1769,2025-11-23,11.5,115.2,1,11
1851,29,1882,2025-11-23,12.9,129.1,1,1
1852,29,1804,2025-11-04,12.8,128.3,1,2
1853,29,1869,2025-11-11,7.3,73.0,0,30
1854,29,1885,2025-11-20,11.4,114.2,1,14
1855,29,1932,2025-11-13,5.0,50.3,0,47
1856,29,1933,2025-12-02,11.5,115.0,1,12
1857,29,1826,2025-11-21,11.7,117.4,1,8
1858,29,1797,2025-11-20,6.6,65.8,0,35
1859,29,1783,2025-12-02,10.7,107.2,1,18
1860,29,1922,2025-11-13,11.6,115.6,1,10
1861,29,1934,2025-11-08,12.5,124.7,1,4
1862,29,1766,2025-11-27,11.2,112.5,1,15
1863,29,1831,2025-11-13,11.4,114.5,1,13
1864,29,1761,2025-11-09,7.7,77.1,0,29
1865,29,1889,2025-11-05,8.2,82.2,0,28
1866,29,1892,2025-11-22,2.7,27.1,0,55
1867,29,1929,2025-11-19,12.4,123.8,1,5
1868,29,1845,2025-11-24,2.0,20.4,0,58
1869,29,1936,2025-11-07,6.8,67.6,0,33
1870,29,1841,2025-11-11,12.7,126.7,1,3
1871,29,1780,2025-11-28,2.1,21.2,0,57
1872,29,1807,2025-11-14,12.4,123.6,1,6
1873,29,1913,2025-11-29,10.8,108.4,1,16
1874,29,1877,2025-11-23,4.2,41.8,0,50
1875,29,1808,2025-11-15,6.1,61.1,0,39
1876,29,1927,2025-11-19,2.2,21.8,0,56
1877,29,1813,2025-11-25,3.0,30.1,0,53
1878,29,1805,2025-11-20,8.4,84.3,0,26
1879,29,1893,2025-11-09,6.5,65.4,0,36
1880,29,1784,2025-11-14,5.1,50.9,0,46
1881,29,1837,2025-11-23,9.7,96.5,0,24
1882,29,1930,2025-11-08,4.0,39.8,0,51
1883,29,1823,2025-11-08,5.7,56.8,0,43
1884,29,1773,2025-11-06,5.0,50.3,0,48
1885,29,1903,2025-11-30,3.6,36.0,0,52
1886,29,1899,2025-11-09,10.5,105.0,1,20
1887,29,1902,2025-11-13,2.9,29.4,0,54
1888,29,1779,2025-11-11,9.8,97.6,0,23
1889,29,1875,2025-11-14,10.8,108.3,1,17
1890,29,1925,2025-11-27,10.6,106.4,1,19
1891,29,1895,2025-11-26,6.9,69.0,0,32
1892,30,1858,2026-01-04,18.5,123.5,1,7
1893,30,1771,2025-12-26,7.6,50.9,0,51
1894,30,1791,2025-12-31,18.5,123.5,1,8
1895,30,1852,2025-12-28,17.7,117.8,1,15
1896,30,1767,2026-02-10,18.2,121.4,1,9
1897,30,1779,2026-01-15,10.6,70.6,0,39
1898,30,1763,2026-02-01,8.4,55.9,0,45
1899,30,1915,2025-12-25,17.7,118.1,1,14
1900,30,1784,2026-02-10,13.0,86.4,0,33
1901,30,1887,2026-01-22,7.5,50.0,0,52
1902,30,1890,2026-01-24,5.3,35.4,0,55
1903,30,1935,2026-01-26,13.3,88.7,0,32
1904,30,1816,2025-12-25,19.5,129.8,1,4
1905,30,1766,2026-01-22,17.9,119.1,1,11
1906,30,1787,2026-02-07,11.5,76.5,0,36
1907,30,1841,2026-02-07,17.8,118.7,1,13
1908,30,1939,2026-01-09,17.2,114.9,1,17
1909,30,1869,2026-01-30,11.2,74.6,0,37
1910,30,1919,2026-02-09,3.6,23.8,0,61
1911,30,1882,2025-12-30,14.5,96.8,0,27
1912,30,1922,2026-01-23,13.3,88.8,0,31
1913,30,1918,2025-12-19,5.4,36.0,0,54
1914,30,1857,2026-01-27,17.3,115.6,1,16
1915,30,1920,2026-02-06,8.1,54.3,0,48
1916,30,1801,2026-01-20,16.5,110.1,1,21
1917,30,1856,2026-01-05,3.9,26.1,0,59
1918,30,1934,2026-02-12,17.0,113.2,1,19
1919,30,1925,2026-01-15,13.9,92.5,0,28
1920,30,1912,2026-01-17,15.8,105.5,1,22
1921,30,1773,2026-01-25,12.0,79.8,0,35
1922,30,1863,2026-02-09,8.3,55.2,0,47
1923,30,1783,2026-01-30,15.6,103.8,1,23
1924,30,1892,2026-01-14,10.0,66.9,0,42
1925,30,1916,2025-12-18,4.3,28.4,0,58
1926,30,1884,2026-01-29,5.2,34.4,0,56
1927,30,1895,2026-02-06,8.0,53.0,0,49
1928,30,1768,2026-01-09,10.1,67.3,0,41
1929,30,1807,2025-12-19,19.5,129.9,1,1
1930,30,1843,2026-02-07,12.8,85.3,0,34
1931,30,1809,2026-01-30,19.5,129.9,1,2
1932,30,1904,2026-01-28,19.1,127.6,1,6
1933,30,1847,2026-01-20,17.1,113.8,1,18
1934,30,1818,2025-12-31,13.8,91.9,0,29
1935,30,1762,2026-02-12,7.8,52.2,0,50
1936,30,1808,2026-02-01,9.6,64.2,0,43
1937,30,1772,2026-01-14,9.3,62.1,0,44
1938,30,1819,2026-01-16,15.5,103.5,1,24
1939,30,1866,2025-12-26,16.6,110.6,1,20
1940,30,1812,2026-02-02,3.2,21.1,0,62
1941,30,1837,2026-02-03,15.5,103.1,1,25
1942,30,1877,2026-01-16,4.3,28.6,0,57
1943,30,1813,2026-02-03,3.7,24.9,0,60
1944,30,1835,2026-02-01,15.2,101.3,1,26
1945,30,1826,2026-01-21,17.8,118.9,1,12
1946,30,1846,2026-02-08,13.4,89.6,0,30
1947,30,1936,2026-02-01,10.7,71.1,0,38
1948,30,1940,2026-01-03,8.4,55.9,0,46
1949,30,1930,2026-01-06,6.1,40.5,0,53
1950,30,1929,2026-01-25,18.1,120.6,1,10
1951,30,1871,2026-02-09,19.5,129.9,1,3
1952,30,1832,2025-12-25,10.3,69.0,0,40
1953,30,1913,2026-02-09,19.3,128.5,1,5
1954,31,2000,2025-11-16,4.6,114.8,1,4
1955,31,1967,2025-11-12,2.2,55.3,0,27
1956,31,1971,2025-12-05,4.8,119.1,1,2
1957,31,2051,2025-12-13,4.0,100.7,1,11
1958,31,1958,2025-11-15,2.6,64.9,0,25
1959,31,1946,2025-12-04,4.4,110.9,1,5
1960,31,2032,2025-12-12,3.8,94.3,0,18
1961,31,1998,2025-12-28,2.4,60.8,0,26
1962,31,2018,2025-12-31,4.3,107.2,1,6
1963,31,2002,2025-11-23,3.9,97.8,0,13
1964,31,2039,2025-11-21,3.7,92.4,0,19
1965,31,2036,2026-01-05,3.9,97.2,0,15
1966,31,2062,2025-11-27,3.7,91.3,0,21
1967,31,2001,2025-11-19,4.2,104.7,1,8
1968,31,2068,2025-12-19,1.5,38.7,0,29
1969,31,2037,2025-11-25,3.8,95.6,0,17
1970,31,1949,2025-11-23,1.7,42.6,0,28
1971,31,2023,2025-12-17,3.5,88.3,0,24
1972,31,2048,2025-12-27,3.9,97.6,0,14
1973,31,1999,2025-12-03,4.2,104.3,1,9
1974,31,2024,2025-11-21,3.9,97.9,0,12
1975,31,1989,2026-01-03,4.2,105.8,1,7
1976,31,2014,2025-12-06,5.0,124.8,1,1
1977,31,2012,2025-12-05,4.1,101.5,1,10
1978,31,2021,2025-12-29,4.7,118.4,1,3
1979,31,2034,2025-11-30,3.6,90.8,0,22
1980,31,1966,2025-12-10,3.7,92.2,0,20
1981,31,2016,2025-12-20,3.9,96.4,0,16
1982,31,2069,2025-11-28,3.6,89.2,0,23
1983,31,1962,2025-12-16,0.8,20.4,0,30
1984,32,1987,2026-02-18,6300.0,52.5,0,45
1985,32,1986,2026-01-21,13164.0,109.7,1,13
1986,32,2026,2026-02-11,6588.0,54.9,0,43
1987,32,2043,2026-02-15,10932.0,91.1,0,26
1988,32,1980,2026-02-18,15132.0,126.1,1,6
1989,32,1997,2026-02-17,12720.0,106.0,1,14
1990,32,1983,2026-02-13,10728.0,89.4,0,29
1991,32,2061,2026-02-03,4272.0,35.6,0,49
1992,32,1995,2026-02-01,11916.0,99.3,0,21
1993,32,2024,2026-02-18,11268.0,93.9,0,25
1994,32,2052,2026-01-27,7704.0,64.2,0,37
1995,32,1992,2026-01-27,7176.0,59.8,0,38
1996,32,2012,2026-02-06,10932.0,91.1,0,27
1997,32,1979,2026-01-28,14568.0,121.4,1,8
1998,32,2021,2026-02-09,15168.0,126.4,1,5
1999,32,2003,2026-02-10,2100.0,17.5,0,51
2000,32,1966,2026-02-18,12204.0,101.7,1,18
2001,32,2008,2026-01-26,10560.0,88.0,0,30
2002,32,2016,2026-02-06,12024.0,100.2,1,19
2003,32,2037,2026-01-31,8004.0,66.7,0,34
2004,32,1941,2026-02-03,6072.0,50.6,0,46
2005,32,1972,2026-02-11,12300.0,102.5,1,17
2006,32,1978,2026-01-24,11844.0,98.7,0,22
2007,32,2025,2026-02-03,13764.0,114.7,1,10
2008,32,1977,2026-01-23,15288.0,127.4,1,3
2009,32,2053,2026-02-18,13716.0,114.3,1,11
2010,32,2044,2026-02-14,6552.0,54.6,0,44
2011,32,2048,2026-02-16,10824.0,90.2,0,28
2012,32,1973,2026-01-28,12480.0,104.0,1,15
2013,32,2002,2026-01-23,10224.0,85.2,0,31
2014,32,2014,2026-01-29,14796.0,123.3,1,7
2015,32,2019,2026-02-04,15468.0,128.9,1,2
2016,32,1984,2026-01-23,6648.0,55.4,0,42
2017,32,1963,2026-01-30,14124.0,117.7,1,9
2018,32,2049,2026-01-28,13536.0,112.8,1,12
2019,32,2058,2026-01-21,6840.0,57.0,0,41
2020,32,2060,2026-02-12,5208.0,43.4,0,48
2021,32,2032,2026-01-24,15276.0,127.3,1,4
2022,32,2030,2026-02-15,7104.0,59.2,0,40
2023,32,2027,2026-01-30,11976.0,99.8,0,20
2024,32,2056,2026-01-23,12444.0,103.7,1,16
2025,32,1943,2026-02-07,7824.0,65.2,0,36
2026,32,1949,2026-01-28,7944.0,66.2,0,35
2027,32,1991,2026-02-11,11520.0,96.0,0,24
2028,32,2068,2026-02-14,5652.0,47.1,0,47
2029,32,2015,2026-02-16,11784.0,98.2,0,23
2030,32,1994,2026-01-31,15552.0,129.6,1,1
2031,32,2045,2026-02-03,8028.0,66.9,0,33
2032,32,1993,2026-01-31,3936.0,32.8,0,50
2033,32,2023,2026-02-09,9036.0,75.3,0,32
2034,32,1990,2026-02-13,7140.0,59.5,0,39
2035,33,2008,2026-01-23,1738.0,86.9,0,27
2036,33,2036,2026-01-08,2560.0,128.0,1,5
2037,33,1966,2026-01-28,2328.0,116.4,1,9
2038,33,1948,2026-01-26,1222.0,61.1,0,34
2039,33,1943,2026-01-22,1296.0,64.8,0,32
2040,33,2023,2026-01-27,1308.0,65.4,0,30
2041,33,2007,2026-01-26,504.0,25.2,0,42
2042,33,2022,2026-01-14,1366.0,68.3,0,28
2043,33,2002,2026-02-15,1240.0,62.0,0,33
2044,33,2033,2026-01-09,1906.0,95.3,0,24
2045,33,2026,2026-01-27,1096.0,54.8,0,36
2046,33,1993,2026-02-09,360.0,18.0,0,43
2047,33,2039,2026-01-14,2584.0,129.2,1,3
2048,33,1992,2026-01-25,1318.0,65.9,0,29
2049,33,2069,2026-01-31,1776.0,88.8,0,26
2050,33,1973,2026-01-07,2202.0,110.1,1,11
2051,33,2034,2026-01-07,2496.0,124.8,1,6
2052,33,2040,2026-01-17,1998.0,99.9,0,20
2053,33,2003,2026-02-16,810.0,40.5,0,39
2054,33,1955,2026-01-12,2402.0,120.1,1,7
2055,33,1972,2026-01-05,2382.0,119.1,1,8
2056,33,1946,2026-02-08,1784.0,89.2,0,25
2057,33,1978,2026-01-17,1110.0,55.5,0,35
2058,33,1968,2026-01-11,714.0,35.7,0,41
2059,33,1987,2026-02-10,1300.0,65.0,0,31
2060,33,2018,2026-01-05,2584.0,129.2,1,4
2061,33,1991,2026-02-11,1954.0,97.7,0,22
2062,33,1941,2026-01-07,800.0,40.0,0,40
2063,33,1971,2026-02-15,2600.0,130.0,1,1
2064,33,2017,2026-02-14,2062.0,103.1,1,18
2065,33,1963,2026-01-23,2162.0,108.1,1,13
2066,33,1962,2026-02-14,1092.0,54.6,0,37
2067,33,1989,2026-01-30,2186.0,109.3,1,12
2068,33,1997,2026-01-05,2240.0,112.0,1,10
2069,33,2051,2026-01-22,2106.0,105.3,1,16
2070,33,1980,2026-01-24,2154.0,107.7,1,14
2071,33,1998,2026-01-18,1024.0,51.2,0,38
2072,33,2011,2026-01-27,2058.0,102.9,1,19
2073,33,2005,2026-01-26,2114.0,105.7,1,15
2074,33,2046,2026-02-04,1926.0,96.3,0,23
2075,33,2028,2026-02-05,2064.0,103.2,1,17
2076,33,2064,2026-01-10,1976.0,98.8,0,21
2077,33,1988,2026-01-24,2600.0,130.0,1,2
2078,34,1993,2026-02-19,1.8,30.5,0,53
2079,34,1989,2026-02-05,6.8,112.6,1,11
2080,34,2034,2026-02-01,7.2,120.4,1,5
2081,34,2036,2026-02-20,7.4,122.8,1,3
2082,34,2008,2026-02-08,4.2,70.7,0,40
2083,34,2003,2026-02-16,2.4,39.7,0,49
2084,34,1968,2026-02-16,2.1,35.3,0,52
2085,34,2032,2026-02-19,6.8,112.8,1,9
2086,34,2070,2026-01-25,1.1,18.1,0,54
2087,34,1984,2026-01-30,3.5,57.8,0,46
2088,34,1949,2026-01-27,2.3,37.9,0,50
2089,34,1967,2026-02-09,3.7,62.3,0,45
2090,34,2028,2026-02-13,6.1,102.5,1,19
2091,34,2045,2026-02-15,5.1,85.1,0,33
2092,34,2026,2026-02-15,4.1,68.6,0,42
2093,34,2051,2026-02-02,7.0,116.2,1,6
2094,34,2024,2026-02-14,7.6,126.1,1,2
2095,34,1987,2026-02-22,4.4,73.7,0,37
2096,34,2011,2026-02-22,5.4,89.8,0,27
2097,34,2001,2026-02-15,6.1,101.0,1,20
2098,34,2040,2026-01-25,4.9,81.4,0,34
2099,34,2005,2026-02-14,6.5,108.1,1,15
2100,34,2014,2026-01-29,6.4,106.1,1,17
2101,34,1997,2026-02-21,5.7,94.7,0,23
2102,34,2046,2026-02-09,6.9,114.8,1,7
2103,34,1946,2026-02-17,7.3,121.2,1,4
2104,34,1971,2026-01-31,6.7,111.1,1,13
2105,34,1948,2026-02-20,2.7,44.5,0,48
2106,34,1961,2026-02-03,4.4,73.3,0,38
2107,34,1963,2026-01-27,5.8,96.8,0,21
2108,34,2068,2026-02-18,2.1,35.7,0,51
2109,34,2017,2026-02-03,6.2,102.9,1,18
2110,34,2065,2026-01-28,5.6,93.9,0,24
2111,34,2054,2026-02-10,5.2,85.9,0,31
2112,34,2018,2026-02-20,6.7,111.0,1,14
2113,34,2056,2026-02-01,5.2,86.6,0,29
2114,34,2062,2026-02-19,6.9,114.3,1,8
2115,34,2058,2026-02-20,3.9,64.8,0,44
2116,34,2007,2026-02-04,4.0,66.1,0,43
2117,34,2037,2026-02-07,4.3,71.3,0,39
2118,34,1994,2026-02-19,7.6,127.1,1,1
2119,34,2000,2026-02-16,6.8,112.8,1,10
2120,34,1958,2026-02-22,3.3,54.4,0,47
2121,34,2025,2026-02-09,5.2,86.6,0,30
2122,34,1986,2026-02-06,5.3,88.9,0,28
2123,34,2069,2026-02-16,5.1,85.3,0,32
2124,34,2021,2026-01-27,5.7,95.4,0,22
2125,34,2064,2026-01-25,4.7,78.2,0,35
2126,34,2013,2026-02-18,5.6,92.6,0,26
2127,34,1947,2026-02-14,5.6,93.4,0,25
2128,34,2012,2026-02-12,6.4,106.2,1,16
2129,34,2002,2026-02-11,4.7,77.7,0,36
2130,34,1990,2026-02-18,4.2,70.0,0,41
2131,34,1991,2026-01-27,6.8,112.6,1,12
2132,35,2052,2026-03-04,290.0,58.0,0,39
2133,35,1961,2026-03-08,477.0,95.4,0,22
2134,35,2034,2026-02-28,556.5,111.3,1,10
2135,35,2060,2026-03-22,159.5,31.9,0,42
2136,35,1953,2026-03-25,464.5,92.9,0,24
2137,35,2022,2026-03-03,385.5,77.1,0,33
2138,35,1958,2026-03-13,272.0,54.4,0,40
2139,35,1950,2026-03-01,559.5,111.9,1,8
2140,35,2019,2026-03-09,559.0,111.8,1,9
2141,35,1994,2026-03-05,648.0,129.6,1,1
2142,35,2015,2026-03-04,502.5,100.5,1,17
2143,35,1966,2026-03-21,503.5,100.7,1,15
2144,35,2064,2026-03-21,336.5,67.3,0,36
2145,35,2028,2026-03-26,430.0,86.0,0,30
2146,35,2024,2026-02-28,486.5,97.3,0,20
2147,35,2000,2026-03-14,520.0,104.0,1,13
2148,35,1999,2026-03-19,445.5,89.1,0,27
2149,35,2032,2026-03-02,438.5,87.7,0,28
2150,35,1987,2026-03-15,455.0,91.0,0,25
2151,35,2045,2026-03-03,393.0,78.6,0,32
2152,35,1973,2026-03-25,603.0,120.6,1,3
2153,35,2027,2026-03-15,496.0,99.2,0,18
2154,35,2021,2026-03-12,474.0,94.8,0,23
2155,35,1947,2026-03-03,568.5,113.7,1,5
2156,35,1962,2026-03-23,108.5,21.7,0,44
2157,35,2061,2026-02-27,345.5,69.1,0,35
2158,35,2040,2026-03-24,367.5,73.5,0,34
2159,35,1977,2026-03-09,503.5,100.7,1,16
2160,35,2005,2026-03-22,492.5,98.5,0,19
2161,35,1995,2026-03-20,565.5,113.1,1,6
2162,35,1992,2026-03-26,126.0,25.2,0,43
2163,35,1989,2026-03-26,526.0,105.2,1,12
2164,35,1963,2026-02-27,560.0,112.0,1,7
2165,35,1998,2026-02-28,431.0,86.2,0,29
2166,35,1967,2026-03-18,315.5,63.1,0,37
2167,35,1976,2026-03-15,606.0,121.2,1,2
2168,35,1984,2026-03-25,257.5,51.5,0,41
2169,35,2026,2026-03-01,420.0,84.0,0,31
2170,35,1941,2026-03-15,301.5,60.3,0,38
2171,35,2039,2026-03-13,536.5,107.3,1,11
2172,35,2011,2026-03-04,511.0,102.2,1,14
2173,35,2041,2026-02-26,594.0,118.8,1,4
2174,35,2043,2026-03-04,485.0,97.0,0,21
2175,35,1997,2026-03-10,454.0,90.8,0,26
